Thema,Kurztitel,Typ,AFB,ID
Rationale Zahlen,Vorzeichen · Vorrang · 4 + (-2) · 3,Zahl,II,573dd0b7-5fd2-4b4e-9263-3630affba5da
Rationale Zahlen,Vorzeichen · Vorrang · -3 + 4 · 2,Zahl,II,a394b2eb-df58-4b57-9c79-ae8ff0c62b24
Rationale Zahlen,Vorzeichen · Vorrang · 5 - 2 · (-3),Zahl,II,f66a50d0-7de9-4cad-89c5-a92028eecf1d
Rationale Zahlen,Vorzeichen · Vorrang · 6 + (-3) · 4,Zahl,II,90b93e1f-091c-4bbb-a6a7-5d48c9d5b6c1
Proportionale und antiproportionale Zuordnungen,Dreisatz · 2 Arbeiter schaffen eine Aufgabe in 3 Stunden.,Zahl,II,0cdf2d28-abd3-4931-8b51-81fe03044974
Proportionale und antiproportionale Zuordnungen,Dreisatz · 2 Pumpen leeren ein Becken in 6 Stunden.,Zahl,II,8b4bf5c8-d813-439b-b9a4-5dd412b8b0af
Proportionale und antiproportionale Zuordnungen,Dreisatz · 2 Maler streichen eine Wand in 9 Stunden.,Zahl,II,bb650a2d-6122-42ee-9fa1-3a2b1f1eda1e
Prozent- und Zinsrechnung,Prozent · Grundwert · 12 sind 15 %,Zahl,II,7875948d-3789-43cb-8e1a-861de7167ece
Prozent- und Zinsrechnung,Prozent · Grundwert · 12 sind 25 %,Zahl,II,7eba6b75-1852-4713-8f6b-bf0e626fa52b
Prozent- und Zinsrechnung,Prozent · Grundwert · 20 sind 25 %,Zahl,II,dda4b621-05d8-4390-bf6a-078a4a7bd19b
Terme und Gleichungen,Modellieren · Gleichung · Handytarif,Teilaufgaben,II,4f0b933d-3ead-4042-adb9-a1369ba28f39
Terme und Gleichungen,Modellieren · Gleichung · Trikot,Teilaufgaben,II,d986ca37-4dc0-43c6-a148-153aa8605838
Terme und Gleichungen,Modellieren · Gleichung · Alter,Teilaufgaben,II,d393d7c6-e5ff-43bb-b049-e8ba63aa1cdf
"Winkelsätze, Dreiecke und Konstruktionen",Neben- und Scheitelwinkel · Summe zweier Gegenwinkel,Zahl,II,e04364d3-e946-4be1-8aca-0b3b1c52353d
"Winkelsätze, Dreiecke und Konstruktionen",Nebenwinkel · Schnitt zweier Geraden,Zahl,II,c0b1c3c5-0c12-4815-bce5-377fca8504c4
"Winkelsätze, Dreiecke und Konstruktionen",Nebenwinkel · Leiter auf dem Boden,Zahl,II,9e26a451-8496-4a05-9f4d-752d05fcddf9
Lineare Funktionen,Steigung · Rückrichtung · Punkt aus Steigung,Zahl,II,7cd1b9af-433f-459f-90a6-cf241c245739
Lineare Funktionen,Steigung · zwei Punkte · fallende Gerade,Zahl,II,438b3001-2778-4fec-be77-75354c88e454
Lineare Funktionen,Steigung · zwei Punkte · Ergebnis als Bruch,Zahl,II,ffc758dc-dcdb-4b66-9281-4563b18c2dc8
Terme mit mehreren Variablen und binomische Formeln,Binomische Formel · Rückrichtung · x² + 20x + 100,Multiple Choice,III,f54b2f2c-5c0e-46ae-bd6c-00acc3efa4fa
Terme mit mehreren Variablen und binomische Formeln,Binomische Formel · Quadrat · (2x + 3)²,Multiple Choice,II,de60d4ff-c473-4358-b050-85a54dd903a1
Terme mit mehreren Variablen und binomische Formeln,Binomische Formel · Quadrat · (3x - 4)²,Multiple Choice,II,ebd05f6f-2ab0-41ad-bac3-16c075fc2592
Zufall und Wahrscheinlichkeit,Laplace · Rückrichtung · Gesamtzahl der Kugeln,Zahl,II,fdd119e8-2192-4691-bda5-d6a5a03317d4
Zufall und Wahrscheinlichkeit,Laplace · Glücksrad · Primzahl,Zahl,II,743dc783-c0c1-4b97-957c-e8dfff38e3b6
Zufall und Wahrscheinlichkeit,Laplace · Lostrommel · Niete,Zahl,II,7e7ce00a-733b-404a-88fe-b41cf327f2f5
Flächen von Dreiecken und Vierecken,Geometrie · Fläche Parallelogramm · 7×6,Zahl,II,d602bc49-3ee0-48fb-8cd3-467b2ae0abc2
Flächen von Dreiecken und Vierecken,Geometrie · Fläche Dreieck · 6×8,Zahl,II,ecb3d12b-a21e-4031-b562-a1596deeb815
Flächen von Dreiecken und Vierecken,Geometrie · Fläche Dreieck · 8×6,Zahl,II,ea14696a-c3ae-40e4-938a-051a13fdbbd4
Lineare Gleichungssysteme,Einsetzungsverfahren · Minusklammer,Teilaufgaben,II,fd5eeb1f-97c2-49a8-ba75-d620da074fc2
Lineare Gleichungssysteme,Einsetzungsverfahren · erst umstellen,Teilaufgaben,II,158c874c-248c-40ed-b8b5-af3eb627517a
Lineare Gleichungssysteme,Einsetzungsverfahren · y steht frei · Klammer,Teilaufgaben,I,59fc7bef-3dd3-4c74-b0b1-4f2cea3a38d9
Kreise und Dreiecke: Thales und besondere Linien,Thales · Streben im Halbkreisfenster,Zahl,II,11aebc7c-d30e-4577-89d5-52efed7d379f
Kreise und Dreiecke: Thales und besondere Linien,Thales · α aus dem Winkel bei M,Zahl,II,9ca300e1-76b9-4bb9-96cf-44cfda31824b
Kreise und Dreiecke: Thales und besondere Linien,Thales · Winkel am Mittelpunkt-Dreieck AMC,Zahl,II,9e7c1e4b-d317-44cf-8865-071c653ef2cf
Reelle Zahlen und Wurzeln,"Quadratwurzel · √0,0016",Zahl,II,16d6e3b7-86f0-4661-b750-70bf5764e3ba
Reelle Zahlen und Wurzeln,"Quadratwurzel · Seite eines Quadrats mit 2,25 m²",Zahl,II,99b7829c-3536-4278-a84e-3dbeea10637c
Reelle Zahlen und Wurzeln,Näherung · √50 zwischen zwei ganzen Zahlen,Teilaufgaben,I,6585552b-bb6b-4345-98cb-d427378cdfed
Potenzen,Wissenschaftliche Schreibweise · (3 · 10⁴) · (2 · 10⁻⁶),Teilaufgaben,I,a35d5827-c2d4-48a9-87b8-6c69c1078abe
Potenzen,Wissenschaftliche Schreibweise · (3 · 10⁵) : (6 · 10⁻²) normieren,Teilaufgaben,II,d7f1416b-ee9c-408c-8dd3-7e2bfc623a27
Potenzen,Wissenschaftliche Schreibweise · (8 · 10⁶) : (2 · 10²),Teilaufgaben,I,3510e4f2-f006-4d20-bdf8-8d8520ed09e1
Quadratische Funktionen,Scheitelpunkt · y = −2(x + 4)² − 5,Teilaufgaben,II,1d8a70aa-9010-4259-9278-5cbc6425d3c0
Quadratische Funktionen,Scheitelpunkt · y = 4 − 2(x − 6)²,Teilaufgaben,II,f70e9312-b530-4b4b-9c7a-087ef87fbba9
Quadratische Funktionen,Scheitelpunkt · y = (x − 3)² + 1,Teilaufgaben,I,f96d3513-0ae9-4316-a871-4bf72aff96c3
Quadratische Gleichungen,Wurzelziehen · 2x² − 18 = 0,Teilaufgaben,I,4d1a2438-3610-4dc9-b5be-8d35cb5199bd
Quadratische Gleichungen,Wurzelziehen · x² = 49,Teilaufgaben,I,9264f90a-1f7b-4170-97da-198c1acc89a3
Quadratische Gleichungen,Wurzelziehen · (x − 2)² = 25,Teilaufgaben,II,504bbd98-9c80-4124-a66a-9dc7b6651bb9
Satz des Pythagoras,"Hypotenuse · Katheten 4,5 cm und 6 cm",Zahl,II,ee07674f-0846-4f38-a0c7-247fd351b729
Satz des Pythagoras,"Hypotenuse · Katheten 12 cm und 0,35 m",Zahl,II,5875fe3f-394d-4a2b-8977-bf825b5f9518
Satz des Pythagoras,"Hypotenuse · Boot 9 km nach Norden, 4 km nach Osten",Zahl,II,e63c2e2e-396f-46f6-91d1-c34595a88dbc
Ähnlichkeit und zentrische Streckung,Foto · 9 cm × 13 cm auf 27 cm Breite vergrößert,Zahl,II,a1d203d7-0d30-42ae-8c54-d3e7dc04a7d6
Ähnlichkeit und zentrische Streckung,"Verkleinerung · Seite b aus a = 12 cm, a′ = 9 cm",Zahl,II,0644e069-c106-4cb4-8faa-bbad5edddb70
Ähnlichkeit und zentrische Streckung,"Rückrichtung · Original aus 7 cm Bild und k = 2,5",Zahl,II,75cb4657-94a9-4348-b6b1-807f241f4914
Kreis: Umfang und Fläche,"Fläche · Radius 80 cm, Ergebnis in m²",Zahl,II,e0cfc702-9b40-450e-b530-1b6bb53976a8
Kreis: Umfang und Fläche,Fläche · eine große Pizza gegen zwei kleine,Zahl,III,9ef4de2a-1a55-49a3-ac80-2a03594006b8
Kreis: Umfang und Fläche,"Fläche · Radius 2,4 m",Zahl,II,7223ee1a-3043-487e-850c-e9da8501d935
Prismen und Zylinder,Prisma · Wassertrog mit dreieckigem Querschnitt,Zahl,II,9de789c5-cdc1-45c4-b38f-d809926410f5
Prismen und Zylinder,Prisma · Volumen mit Trapez als Grundfläche,Zahl,II,e958eb79-345a-4079-867b-46ecb652b478
Prismen und Zylinder,Prisma · Höhe aus Volumen und Dreiecksgrundfläche,Zahl,II,807dd2a7-18a0-4ff1-93e4-d2d26052cd12
"Pyramide, Kegel und Kugel",Pyramide · Dachfläche eines Pyramidendachs,Zahl,II,5beb71a7-cbef-4392-bcca-446b1bc97354
"Pyramide, Kegel und Kugel",Pyramide · Grundkante aus Volumen und Höhe,Zahl,III,5cad7848-0d28-4198-93a0-6232e6f988b1
"Pyramide, Kegel und Kugel",Pyramide · Volumen mit rechteckiger Grundfläche,Zahl,II,0d01fa82-d4fb-4fc4-ba47-62d7175763ee
Trigonometrie,"Ähnliche Dreiecke · gleicher Sinus, c' = 12 cm",Zahl,II,1b979a6a-de0f-434e-96c3-c5859a536a36
Trigonometrie,"Tangens · erst die fehlende Kathete, a = 9 cm, c = 15 cm",Zahl,II,3ba007ed-a9f6-44fd-9800-07b92ffdbb65
Trigonometrie,"Beide spitzen Winkel · a = 5 cm, c = 8 cm",Teilaufgaben,II,0c5d8ee8-fed2-4022-9d27-23860d1d7cc7
Exponentielles Wachstum,"Term aus zwei Punkten · Abbildung, Punkte bei x = 1 und x = 3",Teilaufgaben,II,785c92ab-e234-469f-bb6a-59c0c11db8fd
Exponentielles Wachstum,"Term lesen · f(x) = 250 · 1,08ˣ",Teilaufgaben,I,f52ef418-8b90-4c8f-903f-975f8bd8da41
Exponentielles Wachstum,"Term aufstellen · Anfangswert 200, Abnahme 10 %",Teilaufgaben,I,a30145c7-5bc0-4f21-80ee-5237c1df2756
Sinusfunktion und periodische Vorgänge,"Rückrichtung · Punkt mit y = −0,6 im vierten Viertel",Teilaufgaben,III,0b3bf2b5-29bc-4b79-9fa5-2e1016d65e97
Sinusfunktion und periodische Vorgänge,Punkt auf dem Einheitskreis · α = 240°,Teilaufgaben,II,82cb7f14-5213-4aea-a297-c480c557463c
Sinusfunktion und periodische Vorgänge,"Hoch- und Tiefpunkt in [0; 2π] als Vielfache von π",Teilaufgaben,II,3b59c4a1-2216-48a5-9462-64c03187acd9
Bedingte Wahrscheinlichkeit,"Vierfeldertafel · aus Prozentangaben, Werkstücke",Teilaufgaben,II,52f02da3-efb0-4667-8387-506d491e74c5
Bedingte Wahrscheinlichkeit,Vierfeldertafel · Feld und relative Häufigkeit,Teilaufgaben,II,e61dfd20-5b7c-4f12-94f9-f38a51ab64c5
Bedingte Wahrscheinlichkeit,"Vierfeldertafel · Haustier, zwei Felder",Teilaufgaben,I,28ee89d3-0cdc-4842-869e-423c2bf78f8d
Statistische Erhebungen beurteilen,Schlagzeile mit vertauschter Bedingung · Kettenriss,Zahl,II,2708a240-7d4b-42bb-a028-d106ebe60765
Statistische Erhebungen beurteilen,Absolut oder relativ · Radfahrer an zwei Schulen,Zahl,II,a1c6838a-e550-4ed2-92cf-55244acded67
Statistische Erhebungen beurteilen,Absolut oder relativ · Diebstähle je 1000 Einwohner,Zahl,II,982be3c3-2d1f-4d59-817a-b7bd45ade1d6
Natürliche Zahlen und Größen,Größen · Zeit · 75 min,Zahl,II,9f7f0cd7-128b-4a4d-9281-16c78804a1b4
Natürliche Zahlen und Größen,Größen · Zeit · 225 min,Zahl,II,57246a98-fef1-4beb-b288-24a676d2eeb2
Natürliche Zahlen und Größen,"Größen · Gemischt · 2,5 h",Zahl,II,20cdce1e-0e9d-478d-820e-b77ff90c94bc
"Daten, Diagramme und Kenngrößen",Oberes Quartil · neun Werte,Zahl,II,f91e5425-b56b-434f-9ae1-814649f9aba3
"Daten, Diagramme und Kenngrößen",Unteres Quartil · acht Werte,Zahl,II,4615926e-2f06-4780-9b12-d153117c045e
"Daten, Diagramme und Kenngrößen",Spannweite · Sachkontext · Morgentemperaturen,Zahl,II,ae38bcca-7313-4863-95a6-8117a7b524d1
Geometrische Grundbegriffe und Figuren,Koordinaten · Punkt ablesen · 2. Quadrant,Teilaufgaben,I,a1fa4311-c631-47ba-a4a7-15e12149db4c
Geometrische Grundbegriffe und Figuren,Koordinaten · Punkt ablesen · 1. Quadrant,Teilaufgaben,I,650eed2a-79e5-4a6f-9ed2-a51053fe75c8
Geometrische Grundbegriffe und Figuren,Koordinaten · Punkt ablesen · 3. Quadrant,Teilaufgaben,I,d8195933-ba82-4768-ac40-064da27497a6
Flächen und Umfang,Größen · Flächen · 3 dm²,Zahl,II,b7b814a6-d2c9-4988-855c-3d51b5148da0
Flächen und Umfang,Größen · Flächen · 3000000 mm²,Zahl,II,f531dcee-04cf-4e14-ad5e-9032f72f0668
Flächen und Umfang,Größen · Flächen · 250 cm²,Zahl,II,d09b4715-e18d-4588-a00e-fbadaea189e1
"Körper, Netze und Quadervolumen",Geometrie · Volumen Quader · 2×3×4,Zahl,II,6a448f69-d164-4cf6-82ca-461a8bae980f
"Körper, Netze und Quadervolumen",Geometrie · Oberfläche Quader · 2×3×5,Zahl,II,7d305269-159f-40cc-9965-c343c2bb4c15
"Körper, Netze und Quadervolumen",Geometrie · Volumen Quader · 3×4×5,Zahl,II,8e82be72-f8e3-480f-bdef-a4e78ddd060f
Brüche und Anteile,Brüche · Kürzen · 4/12,Zahl,I,9a70682a-428d-4b75-8567-e5d9f7cb607e
Brüche und Anteile,Brüche · Kürzen · 8/12,Zahl,I,9a6bf378-2cd4-4ca5-afeb-bb856d5853f8
Brüche und Anteile,Brüche · Kürzen · 18/24,Zahl,I,1244b84c-781d-47cb-8c73-eaa5543b1ce0
Rechnen mit Brüchen und Dezimalzahlen,"Dezimalzahlen · Addieren · 0,25 + 0,4",Zahl,I,024143bf-840e-4ad5-aefe-b18c223aefcf
Rechnen mit Brüchen und Dezimalzahlen,"Dezimalzahlen · Addieren · 0,6 + 0,4",Zahl,I,be8ce7e4-d8f2-4b45-b6b1-447b102cf500
Rechnen mit Brüchen und Dezimalzahlen,"Dezimalzahlen · Addieren · 0,5 + 0,25",Zahl,I,172db197-48cf-4afd-9e59-a57c8bc29b55
"Negative Zahlen, Zuordnungen und Dreisatz","Geometrie · Maßstab · 1:100, 25 cm",Zahl,II,ceb26573-de3f-488a-9956-6a8cf7eb81cf
"Negative Zahlen, Zuordnungen und Dreisatz","Geometrie · Maßstab · 1:25000, 4 cm",Zahl,II,fe3a88b0-7d72-4896-929c-b7f0c379cfa3
"Negative Zahlen, Zuordnungen und Dreisatz","Geometrie · Maßstab · 1:50000, 6 cm",Zahl,II,8e1dd449-25bb-4fc1-9d60-d38609216ba5
