Aufgabe-ID,source_ref,Teilaufgabe,Feld,neuer Wert,Art,Unsicherheit,Begründung
a2f85a2b-0c8c-4eae-a78c-5a97f39d2fbd,winkel-neben-01,,afb,I,neu,mittel,"Reproduzieren: Nebenwinkel als Ergänzung zu 180°, Gradzahl im Bild."
a2f85a2b-0c8c-4eae-a78c-5a97f39d2fbd,winkel-neben-01,,est_duration_sec,45,neu,mittel,"Zeitregel: AFB I, kein Sachkontext."
a2f85a2b-0c8c-4eae-a78c-5a97f39d2fbd,winkel-neben-01,,curriculum_grade,8,neu,hoch,"Stoffanker Klasse 8: KLP G9 NRW, Erste Stufe, Geometrie (Geo-1, Geo-2, Geo-7); in Köln üblich in Klasse 8."
a2f85a2b-0c8c-4eae-a78c-5a97f39d2fbd,winkel-neben-01,,cluster_id,3156b22e-ad3b-46c8-8c76-4155176cc52a,neu,hoch,Geometrie & Messen wie geo_winkel_summe und geo_flaeche_* im Bestand.
a2f85a2b-0c8c-4eae-a78c-5a97f39d2fbd,winkel-neben-01,,competency_content,geometrie,neu,hoch,"Inhaltsfeld Geometrie (Winkelbeziehungen, Winkelsätze, Satz des Thales)."
a2f85a2b-0c8c-4eae-a78c-5a97f39d2fbd,winkel-neben-01,,competency_process,Operieren,neu,mittel,Rechnen nach festem Satz (Beziehung genannt oder direkt erkennbar).
a2f85a2b-0c8c-4eae-a78c-5a97f39d2fbd,winkel-neben-01,,needs_image,true,neu,hoch,"Die Gradzahl steht nur in der Abbildung (Generator winkel, task_figures)."
a2f85a2b-0c8c-4eae-a78c-5a97f39d2fbd,winkel-neben-01,,correct_answers,"[""130"",""+130"",""130 °"",""130°"",""+130 °"",""+130°""]",neu,hoch,"Nachgerechnet; Schreibweisen mit und ohne Plus, mit und ohne °."
a2f85a2b-0c8c-4eae-a78c-5a97f39d2fbd,winkel-neben-01,,solution,"α = 50° (Abbildung).
Nebenwinkel ergänzen sich zu 180°: 180° - 50° = 130°.",neu,hoch,Nachgerechnet.
a2f85a2b-0c8c-4eae-a78c-5a97f39d2fbd,winkel-neben-01,,typical_errors,"[{""error"":""Den Nebenwinkel für gleich groß gehalten: 50°."",""socratic_question"":""Bilden α und sein Nebenwinkel zusammen eine gerade Linie? Wie viel Grad hat sie?""},{""error"":""Zu 360° statt zu 180° ergänzt: 360° - 50° = 310°."",""socratic_question"":""Ist der Nebenwinkel spitz, stumpf oder überstumpf?""}]",neu,hoch,"Aus acceptance.known_errors (winkelbeziehung_verwechselt, summe_360_statt_180)."
a2f85a2b-0c8c-4eae-a78c-5a97f39d2fbd,winkel-neben-01,,hints,,bewusst leer,,"Auftrag W4 K8-Rest: ohne Hilfe lösbar (LSA), keine Hinweise."
a2f85a2b-0c8c-4eae-a78c-5a97f39d2fbd,winkel-neben-01,,acceptance.known_errors (keine UI),"{""50"":""winkelbeziehung_verwechselt"",""310"":""summe_360_statt_180"",""+50"":""winkelbeziehung_verwechselt"",""50 °"":""winkelbeziehung_verwechselt"",""50°"":""winkelbeziehung_verwechselt"",""+50 °"":""winkelbeziehung_verwechselt"",""+50°"":""winkelbeziehung_verwechselt"",""+310"":""summe_360_statt_180"",""310 °"":""summe_360_statt_180"",""310°"":""summe_360_statt_180"",""+310 °"":""summe_360_statt_180"",""+310°"":""summe_360_statt_180""}",neu,hoch,Falscher Wert → Fehlbild-Slug
a2f85a2b-0c8c-4eae-a78c-5a97f39d2fbd,winkel-neben-01,,sondierrang (keine UI),1,neu,mittel,"winkel-neben-01 = 1, winkel-neben-04 = 2. Rang 1 aus Profil {summe_360_statt_180,winkelbeziehung_verwechselt}, Rang 2 aus Profil {halbieren_vergessen,winkelbeziehung_verwechselt} (1 neue Fehlbilder)"
a2f85a2b-0c8c-4eae-a78c-5a97f39d2fbd,winkel-neben-01,,task_figures (Upload: scripts/figures/upload_figures.py),"{""grad"":50,""benennung"":""α"",""mit_bogen"":true}",neu,hoch,"Ein Winkel α: zwei Schenkel mit gemeinsamem Scheitel, Winkelbogen und Gradangabe."
f0c5bda4-158b-4117-9239-7261065e16bb,winkel-neben-02,,afb,I,neu,mittel,"Reproduzieren: Scheitelwinkel sind gleich groß, Gradzahl im Bild."
f0c5bda4-158b-4117-9239-7261065e16bb,winkel-neben-02,,est_duration_sec,45,neu,mittel,"Zeitregel: AFB I, kein Sachkontext."
f0c5bda4-158b-4117-9239-7261065e16bb,winkel-neben-02,,curriculum_grade,8,neu,hoch,"Stoffanker Klasse 8: KLP G9 NRW, Erste Stufe, Geometrie (Geo-1, Geo-2, Geo-7); in Köln üblich in Klasse 8."
f0c5bda4-158b-4117-9239-7261065e16bb,winkel-neben-02,,cluster_id,3156b22e-ad3b-46c8-8c76-4155176cc52a,neu,hoch,Geometrie & Messen wie geo_winkel_summe und geo_flaeche_* im Bestand.
f0c5bda4-158b-4117-9239-7261065e16bb,winkel-neben-02,,competency_content,geometrie,neu,hoch,"Inhaltsfeld Geometrie (Winkelbeziehungen, Winkelsätze, Satz des Thales)."
f0c5bda4-158b-4117-9239-7261065e16bb,winkel-neben-02,,competency_process,Operieren,neu,mittel,Rechnen nach festem Satz (Beziehung genannt oder direkt erkennbar).
f0c5bda4-158b-4117-9239-7261065e16bb,winkel-neben-02,,needs_image,true,neu,hoch,"Die Gradzahl steht nur in der Abbildung (Generator winkel, task_figures)."
f0c5bda4-158b-4117-9239-7261065e16bb,winkel-neben-02,,correct_answers,"[""115"",""+115"",""115 °"",""115°"",""+115 °"",""+115°""]",neu,hoch,"Nachgerechnet; Schreibweisen mit und ohne Plus, mit und ohne °."
f0c5bda4-158b-4117-9239-7261065e16bb,winkel-neben-02,,solution,"α = 115° (Abbildung).
Scheitelwinkel sind gleich groß: Der Scheitelwinkel ist 115°.",neu,hoch,Nachgerechnet.
f0c5bda4-158b-4117-9239-7261065e16bb,winkel-neben-02,,typical_errors,"[{""error"":""Den Scheitelwinkel wie einen Nebenwinkel zu 180° ergänzt: 180° - 115° = 65°."",""socratic_question"":""Liegt der gesuchte Winkel neben α oder gegenüber?""}]",neu,hoch,Aus acceptance.known_errors (winkelbeziehung_verwechselt).
f0c5bda4-158b-4117-9239-7261065e16bb,winkel-neben-02,,hints,,bewusst leer,,"Auftrag W4 K8-Rest: ohne Hilfe lösbar (LSA), keine Hinweise."
f0c5bda4-158b-4117-9239-7261065e16bb,winkel-neben-02,,acceptance.known_errors (keine UI),"{""65"":""winkelbeziehung_verwechselt"",""+65"":""winkelbeziehung_verwechselt"",""65 °"":""winkelbeziehung_verwechselt"",""65°"":""winkelbeziehung_verwechselt"",""+65 °"":""winkelbeziehung_verwechselt"",""+65°"":""winkelbeziehung_verwechselt""}",neu,hoch,Falscher Wert → Fehlbild-Slug
f0c5bda4-158b-4117-9239-7261065e16bb,winkel-neben-02,,task_figures (Upload: scripts/figures/upload_figures.py),"{""grad"":115,""benennung"":""α"",""mit_bogen"":true}",neu,hoch,"Ein Winkel α: zwei Schenkel mit gemeinsamem Scheitel, Winkelbogen und Gradangabe."
c0b1c3c5-0c12-4815-bce5-377fca8504c4,winkel-neben-03,,afb,II,neu,mittel,"Anwenden: Lage aus dem Text erschließen (β liegt neben α), dann Nebenwinkel."
c0b1c3c5-0c12-4815-bce5-377fca8504c4,winkel-neben-03,,est_duration_sec,60,neu,mittel,"Zeitregel: AFB II, kein Sachkontext."
c0b1c3c5-0c12-4815-bce5-377fca8504c4,winkel-neben-03,,curriculum_grade,8,neu,hoch,"Stoffanker Klasse 8: KLP G9 NRW, Erste Stufe, Geometrie (Geo-1, Geo-2, Geo-7); in Köln üblich in Klasse 8."
c0b1c3c5-0c12-4815-bce5-377fca8504c4,winkel-neben-03,,cluster_id,3156b22e-ad3b-46c8-8c76-4155176cc52a,neu,hoch,Geometrie & Messen wie geo_winkel_summe und geo_flaeche_* im Bestand.
c0b1c3c5-0c12-4815-bce5-377fca8504c4,winkel-neben-03,,competency_content,geometrie,neu,hoch,"Inhaltsfeld Geometrie (Winkelbeziehungen, Winkelsätze, Satz des Thales)."
c0b1c3c5-0c12-4815-bce5-377fca8504c4,winkel-neben-03,,competency_process,Operieren,neu,mittel,Rechnen nach festem Satz (Beziehung genannt oder direkt erkennbar).
c0b1c3c5-0c12-4815-bce5-377fca8504c4,winkel-neben-03,,needs_image,false,neu,hoch,"Alle Angaben und die Lage stehen im Text, keine Abbildung nötig."
c0b1c3c5-0c12-4815-bce5-377fca8504c4,winkel-neben-03,,correct_answers,"[""108"",""+108"",""108 °"",""108°"",""+108 °"",""+108°""]",neu,hoch,"Nachgerechnet; Schreibweisen mit und ohne Plus, mit und ohne °."
c0b1c3c5-0c12-4815-bce5-377fca8504c4,winkel-neben-03,,solution,"β liegt neben α, beide zusammen bilden eine gerade Linie: Nebenwinkel.
β = 180° - 72° = 108°.",neu,hoch,Nachgerechnet.
c0b1c3c5-0c12-4815-bce5-377fca8504c4,winkel-neben-03,,typical_errors,"[{""error"":""β für den Scheitelwinkel von α gehalten: 72°."",""socratic_question"":""Liegt β gegenüber von α oder direkt daneben?""},{""error"":""Zu 360° statt zu 180° ergänzt: 360° - 72° = 288°."",""socratic_question"":""Wie viel Grad haben zwei Winkel, die zusammen eine gerade Linie bilden?""}]",neu,hoch,"Aus acceptance.known_errors (winkelbeziehung_verwechselt, summe_360_statt_180)."
c0b1c3c5-0c12-4815-bce5-377fca8504c4,winkel-neben-03,,hints,,bewusst leer,,"Auftrag W4 K8-Rest: ohne Hilfe lösbar (LSA), keine Hinweise."
c0b1c3c5-0c12-4815-bce5-377fca8504c4,winkel-neben-03,,acceptance.known_errors (keine UI),"{""72"":""winkelbeziehung_verwechselt"",""288"":""summe_360_statt_180"",""+72"":""winkelbeziehung_verwechselt"",""72 °"":""winkelbeziehung_verwechselt"",""72°"":""winkelbeziehung_verwechselt"",""+72 °"":""winkelbeziehung_verwechselt"",""+72°"":""winkelbeziehung_verwechselt"",""+288"":""summe_360_statt_180"",""288 °"":""summe_360_statt_180"",""288°"":""summe_360_statt_180"",""+288 °"":""summe_360_statt_180"",""+288°"":""summe_360_statt_180""}",neu,hoch,Falscher Wert → Fehlbild-Slug
e04364d3-e946-4be1-8aca-0b3b1c52353d,winkel-neben-04,,afb,II,neu,mittel,"Anwenden: Scheitelwinkel (α = γ) und Nebenwinkel kombinieren, zwei Schritte."
e04364d3-e946-4be1-8aca-0b3b1c52353d,winkel-neben-04,,est_duration_sec,60,neu,mittel,"Zeitregel: AFB II, kein Sachkontext."
e04364d3-e946-4be1-8aca-0b3b1c52353d,winkel-neben-04,,curriculum_grade,8,neu,hoch,"Stoffanker Klasse 8: KLP G9 NRW, Erste Stufe, Geometrie (Geo-1, Geo-2, Geo-7); in Köln üblich in Klasse 8."
e04364d3-e946-4be1-8aca-0b3b1c52353d,winkel-neben-04,,cluster_id,3156b22e-ad3b-46c8-8c76-4155176cc52a,neu,hoch,Geometrie & Messen wie geo_winkel_summe und geo_flaeche_* im Bestand.
e04364d3-e946-4be1-8aca-0b3b1c52353d,winkel-neben-04,,competency_content,geometrie,neu,hoch,"Inhaltsfeld Geometrie (Winkelbeziehungen, Winkelsätze, Satz des Thales)."
e04364d3-e946-4be1-8aca-0b3b1c52353d,winkel-neben-04,,competency_process,Problemlösen,neu,mittel,"Beziehung selbst erkennen oder Rückrichtung: Weg finden, dann rechnen."
e04364d3-e946-4be1-8aca-0b3b1c52353d,winkel-neben-04,,needs_image,false,neu,hoch,"Alle Angaben und die Lage stehen im Text, keine Abbildung nötig."
e04364d3-e946-4be1-8aca-0b3b1c52353d,winkel-neben-04,,correct_answers,"[""110"",""+110"",""110 °"",""110°"",""+110 °"",""+110°""]",neu,hoch,"Nachgerechnet; Schreibweisen mit und ohne Plus, mit und ohne °."
e04364d3-e946-4be1-8aca-0b3b1c52353d,winkel-neben-04,,solution,"α und γ sind Scheitelwinkel, also gleich groß: α = 140° : 2 = 70°.
β ist Nebenwinkel von α: β = 180° - 70° = 110°.",neu,hoch,Nachgerechnet.
e04364d3-e946-4be1-8aca-0b3b1c52353d,winkel-neben-04,,typical_errors,"[{""error"":""β für gleich groß wie α gehalten: 70°."",""socratic_question"":""Liegt β gegenüber von α oder direkt daneben?""},{""error"":""β und δ zusammen berechnet, aber nicht halbiert: 360° - 140° = 220°."",""socratic_question"":""Ist 220° ein einzelner Winkel oder zwei zusammen?""}]",neu,hoch,"Aus acceptance.known_errors (winkelbeziehung_verwechselt, halbieren_vergessen)."
e04364d3-e946-4be1-8aca-0b3b1c52353d,winkel-neben-04,,hints,,bewusst leer,,"Auftrag W4 K8-Rest: ohne Hilfe lösbar (LSA), keine Hinweise."
e04364d3-e946-4be1-8aca-0b3b1c52353d,winkel-neben-04,,acceptance.known_errors (keine UI),"{""70"":""winkelbeziehung_verwechselt"",""220"":""halbieren_vergessen"",""+70"":""winkelbeziehung_verwechselt"",""70 °"":""winkelbeziehung_verwechselt"",""70°"":""winkelbeziehung_verwechselt"",""+70 °"":""winkelbeziehung_verwechselt"",""+70°"":""winkelbeziehung_verwechselt"",""+220"":""halbieren_vergessen"",""220 °"":""halbieren_vergessen"",""220°"":""halbieren_vergessen"",""+220 °"":""halbieren_vergessen"",""+220°"":""halbieren_vergessen""}",neu,hoch,Falscher Wert → Fehlbild-Slug
e04364d3-e946-4be1-8aca-0b3b1c52353d,winkel-neben-04,,sondierrang (keine UI),2,neu,mittel,"winkel-neben-01 = 1, winkel-neben-04 = 2. Rang 1 aus Profil {summe_360_statt_180,winkelbeziehung_verwechselt}, Rang 2 aus Profil {halbieren_vergessen,winkelbeziehung_verwechselt} (1 neue Fehlbilder)"
9e26a451-8496-4a05-9f4d-752d05fcddf9,winkel-neben-05,,afb,II,neu,mittel,Anwenden im Sachkontext: Die beiden Winkel am Fuß der Leiter als Nebenwinkel erkennen.
9e26a451-8496-4a05-9f4d-752d05fcddf9,winkel-neben-05,,est_duration_sec,90,neu,mittel,Zeitregel: AFB II + Sachkontext.
9e26a451-8496-4a05-9f4d-752d05fcddf9,winkel-neben-05,,curriculum_grade,8,neu,hoch,"Stoffanker Klasse 8: KLP G9 NRW, Erste Stufe, Geometrie (Geo-1, Geo-2, Geo-7); in Köln üblich in Klasse 8."
9e26a451-8496-4a05-9f4d-752d05fcddf9,winkel-neben-05,,cluster_id,3156b22e-ad3b-46c8-8c76-4155176cc52a,neu,hoch,Geometrie & Messen wie geo_winkel_summe und geo_flaeche_* im Bestand.
9e26a451-8496-4a05-9f4d-752d05fcddf9,winkel-neben-05,,competency_content,geometrie,neu,hoch,"Inhaltsfeld Geometrie (Winkelbeziehungen, Winkelsätze, Satz des Thales)."
9e26a451-8496-4a05-9f4d-752d05fcddf9,winkel-neben-05,,competency_process,Modellieren,neu,mittel,"Sachsituation (Leiter, Kreuzung, Schienen, Zaun, Dach, Fenster) in eine Winkelfigur übersetzen."
9e26a451-8496-4a05-9f4d-752d05fcddf9,winkel-neben-05,,needs_image,false,neu,hoch,"Alle Angaben und die Lage stehen im Text, keine Abbildung nötig."
9e26a451-8496-4a05-9f4d-752d05fcddf9,winkel-neben-05,,correct_answers,"[""112"",""+112"",""112 °"",""112°"",""+112 °"",""+112°""]",neu,hoch,"Nachgerechnet; Schreibweisen mit und ohne Plus, mit und ohne °."
9e26a451-8496-4a05-9f4d-752d05fcddf9,winkel-neben-05,,solution,"Der Boden ist eine gerade Linie; die Leiter teilt den gestreckten Winkel am Fuß in zwei Nebenwinkel.
180° - 68° = 112°.",neu,hoch,Nachgerechnet.
9e26a451-8496-4a05-9f4d-752d05fcddf9,winkel-neben-05,,typical_errors,"[{""error"":""Den Winkel auf der anderen Seite für gleich groß gehalten: 68°."",""socratic_question"":""Ergeben die beiden Winkel am Fuß der Leiter zusammen den geraden Boden?""},{""error"":""Zu 360° statt zu 180° ergänzt: 360° - 68° = 292°."",""socratic_question"":""Wie viel Grad hat der gerade Boden an der Stelle, an der die Leiter steht?""}]",neu,hoch,"Aus acceptance.known_errors (winkelbeziehung_verwechselt, summe_360_statt_180)."
9e26a451-8496-4a05-9f4d-752d05fcddf9,winkel-neben-05,,hints,,bewusst leer,,"Auftrag W4 K8-Rest: ohne Hilfe lösbar (LSA), keine Hinweise."
9e26a451-8496-4a05-9f4d-752d05fcddf9,winkel-neben-05,,acceptance.known_errors (keine UI),"{""68"":""winkelbeziehung_verwechselt"",""292"":""summe_360_statt_180"",""+68"":""winkelbeziehung_verwechselt"",""68 °"":""winkelbeziehung_verwechselt"",""68°"":""winkelbeziehung_verwechselt"",""+68 °"":""winkelbeziehung_verwechselt"",""+68°"":""winkelbeziehung_verwechselt"",""+292"":""summe_360_statt_180"",""292 °"":""summe_360_statt_180"",""292°"":""summe_360_statt_180"",""+292 °"":""summe_360_statt_180"",""+292°"":""summe_360_statt_180""}",neu,hoch,Falscher Wert → Fehlbild-Slug
7849cb37-1c84-425f-956a-44213a721a9f,winkel-neben-06,,afb,II,neu,mittel,Rückrichtung: aus dem Verhältnis zweier Nebenwinkel und ihrer Summe 180° den kleineren bestimmen.
7849cb37-1c84-425f-956a-44213a721a9f,winkel-neben-06,,est_duration_sec,90,neu,mittel,Zeitregel: AFB II + Sachkontext.
7849cb37-1c84-425f-956a-44213a721a9f,winkel-neben-06,,curriculum_grade,8,neu,hoch,"Stoffanker Klasse 8: KLP G9 NRW, Erste Stufe, Geometrie (Geo-1, Geo-2, Geo-7); in Köln üblich in Klasse 8."
7849cb37-1c84-425f-956a-44213a721a9f,winkel-neben-06,,cluster_id,3156b22e-ad3b-46c8-8c76-4155176cc52a,neu,hoch,Geometrie & Messen wie geo_winkel_summe und geo_flaeche_* im Bestand.
7849cb37-1c84-425f-956a-44213a721a9f,winkel-neben-06,,competency_content,geometrie,neu,hoch,"Inhaltsfeld Geometrie (Winkelbeziehungen, Winkelsätze, Satz des Thales)."
7849cb37-1c84-425f-956a-44213a721a9f,winkel-neben-06,,competency_process,Problemlösen,neu,mittel,"Sachsituation (Leiter, Kreuzung, Schienen, Zaun, Dach, Fenster) in eine Winkelfigur übersetzen."
7849cb37-1c84-425f-956a-44213a721a9f,winkel-neben-06,,needs_image,false,neu,hoch,"Alle Angaben und die Lage stehen im Text, keine Abbildung nötig."
7849cb37-1c84-425f-956a-44213a721a9f,winkel-neben-06,,correct_answers,"[""36"",""+36"",""36 °"",""36°"",""+36 °"",""+36°""]",neu,hoch,"Nachgerechnet; Schreibweisen mit und ohne Plus, mit und ohne °."
7849cb37-1c84-425f-956a-44213a721a9f,winkel-neben-06,,solution,"Zwei Winkel, die direkt nebeneinander liegen, sind Nebenwinkel: zusammen 180°.
Kleiner Winkel x, großer 4x: x + 4x = 5x = 180°, also x = 36°.
(Probe: 4 · 36° = 144°, 36° + 144° = 180°.)",neu,hoch,Nachgerechnet.
7849cb37-1c84-425f-956a-44213a721a9f,winkel-neben-06,,typical_errors,"[{""error"":""Mit 360° statt 180° gerechnet: 360° : 5 = 72°."",""socratic_question"":""Wie viel Grad haben zwei Winkel, die direkt nebeneinander an einer geraden Straße liegen?""}]",neu,hoch,Aus acceptance.known_errors (summe_360_statt_180).
7849cb37-1c84-425f-956a-44213a721a9f,winkel-neben-06,,hints,,bewusst leer,,"Auftrag W4 K8-Rest: ohne Hilfe lösbar (LSA), keine Hinweise."
7849cb37-1c84-425f-956a-44213a721a9f,winkel-neben-06,,acceptance.known_errors (keine UI),"{""72"":""summe_360_statt_180"",""+72"":""summe_360_statt_180"",""72 °"":""summe_360_statt_180"",""72°"":""summe_360_statt_180"",""+72 °"":""summe_360_statt_180"",""+72°"":""summe_360_statt_180""}",neu,hoch,Falscher Wert → Fehlbild-Slug
e1fa2b31-a4fb-44ca-848b-188d7d7ca0dd,winkel-parallel-01,,afb,I,neu,mittel,"Reproduzieren: Stufenwinkel an Parallelen sind gleich groß, Beziehung genannt."
e1fa2b31-a4fb-44ca-848b-188d7d7ca0dd,winkel-parallel-01,,est_duration_sec,45,neu,mittel,"Zeitregel: AFB I, kein Sachkontext."
e1fa2b31-a4fb-44ca-848b-188d7d7ca0dd,winkel-parallel-01,,curriculum_grade,8,neu,hoch,"Stoffanker Klasse 8: KLP G9 NRW, Erste Stufe, Geometrie (Geo-1, Geo-2, Geo-7); in Köln üblich in Klasse 8."
e1fa2b31-a4fb-44ca-848b-188d7d7ca0dd,winkel-parallel-01,,cluster_id,3156b22e-ad3b-46c8-8c76-4155176cc52a,neu,hoch,Geometrie & Messen wie geo_winkel_summe und geo_flaeche_* im Bestand.
e1fa2b31-a4fb-44ca-848b-188d7d7ca0dd,winkel-parallel-01,,competency_content,geometrie,neu,hoch,"Inhaltsfeld Geometrie (Winkelbeziehungen, Winkelsätze, Satz des Thales)."
e1fa2b31-a4fb-44ca-848b-188d7d7ca0dd,winkel-parallel-01,,competency_process,Operieren,neu,mittel,Rechnen nach festem Satz (Beziehung genannt oder direkt erkennbar).
e1fa2b31-a4fb-44ca-848b-188d7d7ca0dd,winkel-parallel-01,,needs_image,false,neu,hoch,"Alle Angaben und die Lage stehen im Text, keine Abbildung nötig."
e1fa2b31-a4fb-44ca-848b-188d7d7ca0dd,winkel-parallel-01,,correct_answers,"[""65"",""+65"",""65 °"",""65°"",""+65 °"",""+65°""]",neu,hoch,"Nachgerechnet; Schreibweisen mit und ohne Plus, mit und ohne °."
e1fa2b31-a4fb-44ca-848b-188d7d7ca0dd,winkel-parallel-01,,solution,Stufenwinkel an parallelen Geraden sind gleich groß: β = α = 65°.,neu,hoch,Nachgerechnet.
e1fa2b31-a4fb-44ca-848b-188d7d7ca0dd,winkel-parallel-01,,typical_errors,"[{""error"":""Stufenwinkel zu 180° ergänzt: 180° - 65° = 115°."",""socratic_question"":""Liegen α und β an ihrer Geraden an derselben Stelle – oben rechts?""}]",neu,hoch,Aus acceptance.known_errors (winkelbeziehung_verwechselt).
e1fa2b31-a4fb-44ca-848b-188d7d7ca0dd,winkel-parallel-01,,hints,,bewusst leer,,"Auftrag W4 K8-Rest: ohne Hilfe lösbar (LSA), keine Hinweise."
e1fa2b31-a4fb-44ca-848b-188d7d7ca0dd,winkel-parallel-01,,acceptance.known_errors (keine UI),"{""115"":""winkelbeziehung_verwechselt"",""+115"":""winkelbeziehung_verwechselt"",""115 °"":""winkelbeziehung_verwechselt"",""115°"":""winkelbeziehung_verwechselt"",""+115 °"":""winkelbeziehung_verwechselt"",""+115°"":""winkelbeziehung_verwechselt""}",neu,hoch,Falscher Wert → Fehlbild-Slug
facf174b-aad5-41c4-9f42-916eaafd9e20,winkel-parallel-02,,afb,I,neu,mittel,"Reproduzieren: Wechselwinkel an Parallelen sind gleich groß, Beziehung genannt."
facf174b-aad5-41c4-9f42-916eaafd9e20,winkel-parallel-02,,est_duration_sec,45,neu,mittel,"Zeitregel: AFB I, kein Sachkontext."
facf174b-aad5-41c4-9f42-916eaafd9e20,winkel-parallel-02,,curriculum_grade,8,neu,hoch,"Stoffanker Klasse 8: KLP G9 NRW, Erste Stufe, Geometrie (Geo-1, Geo-2, Geo-7); in Köln üblich in Klasse 8."
facf174b-aad5-41c4-9f42-916eaafd9e20,winkel-parallel-02,,cluster_id,3156b22e-ad3b-46c8-8c76-4155176cc52a,neu,hoch,Geometrie & Messen wie geo_winkel_summe und geo_flaeche_* im Bestand.
facf174b-aad5-41c4-9f42-916eaafd9e20,winkel-parallel-02,,competency_content,geometrie,neu,hoch,"Inhaltsfeld Geometrie (Winkelbeziehungen, Winkelsätze, Satz des Thales)."
facf174b-aad5-41c4-9f42-916eaafd9e20,winkel-parallel-02,,competency_process,Operieren,neu,mittel,Rechnen nach festem Satz (Beziehung genannt oder direkt erkennbar).
facf174b-aad5-41c4-9f42-916eaafd9e20,winkel-parallel-02,,needs_image,false,neu,hoch,"Alle Angaben und die Lage stehen im Text, keine Abbildung nötig."
facf174b-aad5-41c4-9f42-916eaafd9e20,winkel-parallel-02,,correct_answers,"[""48"",""+48"",""48 °"",""48°"",""+48 °"",""+48°""]",neu,hoch,"Nachgerechnet; Schreibweisen mit und ohne Plus, mit und ohne °."
facf174b-aad5-41c4-9f42-916eaafd9e20,winkel-parallel-02,,solution,Wechselwinkel an parallelen Geraden sind gleich groß: β = α = 48°.,neu,hoch,Nachgerechnet.
facf174b-aad5-41c4-9f42-916eaafd9e20,winkel-parallel-02,,typical_errors,"[{""error"":""Wechselwinkel zu 180° ergänzt: 180° - 48° = 132°."",""socratic_question"":""Was gilt für Wechselwinkel an Parallelen: gleich groß oder zusammen 180°?""}]",neu,hoch,Aus acceptance.known_errors (winkelbeziehung_verwechselt).
facf174b-aad5-41c4-9f42-916eaafd9e20,winkel-parallel-02,,hints,,bewusst leer,,"Auftrag W4 K8-Rest: ohne Hilfe lösbar (LSA), keine Hinweise."
facf174b-aad5-41c4-9f42-916eaafd9e20,winkel-parallel-02,,acceptance.known_errors (keine UI),"{""132"":""winkelbeziehung_verwechselt"",""+132"":""winkelbeziehung_verwechselt"",""132 °"":""winkelbeziehung_verwechselt"",""132°"":""winkelbeziehung_verwechselt"",""+132 °"":""winkelbeziehung_verwechselt"",""+132°"":""winkelbeziehung_verwechselt""}",neu,hoch,Falscher Wert → Fehlbild-Slug
facf174b-aad5-41c4-9f42-916eaafd9e20,winkel-parallel-02,,sondierrang (keine UI),2,neu,mittel,"winkel-parallel-05 = 1, winkel-parallel-02 = 2. Rang 1 aus Profil {summe_360_statt_180,winkelbeziehung_verwechselt}, Rang 2 aus Profil {winkelbeziehung_verwechselt} (0 neue Fehlbilder)"
f9f4e093-605a-4c0a-87da-172d58b74ae0,winkel-parallel-03,,afb,II,neu,mittel,"Anwenden: Beziehung selbst erkennen, zwei Schritte (Stufenwinkel, dann Nebenwinkel)."
f9f4e093-605a-4c0a-87da-172d58b74ae0,winkel-parallel-03,,est_duration_sec,60,neu,mittel,"Zeitregel: AFB II, kein Sachkontext."
f9f4e093-605a-4c0a-87da-172d58b74ae0,winkel-parallel-03,,curriculum_grade,8,neu,hoch,"Stoffanker Klasse 8: KLP G9 NRW, Erste Stufe, Geometrie (Geo-1, Geo-2, Geo-7); in Köln üblich in Klasse 8."
f9f4e093-605a-4c0a-87da-172d58b74ae0,winkel-parallel-03,,cluster_id,3156b22e-ad3b-46c8-8c76-4155176cc52a,neu,hoch,Geometrie & Messen wie geo_winkel_summe und geo_flaeche_* im Bestand.
f9f4e093-605a-4c0a-87da-172d58b74ae0,winkel-parallel-03,,competency_content,geometrie,neu,hoch,"Inhaltsfeld Geometrie (Winkelbeziehungen, Winkelsätze, Satz des Thales)."
f9f4e093-605a-4c0a-87da-172d58b74ae0,winkel-parallel-03,,competency_process,Operieren,neu,mittel,Rechnen nach festem Satz (Beziehung genannt oder direkt erkennbar).
f9f4e093-605a-4c0a-87da-172d58b74ae0,winkel-parallel-03,,needs_image,false,neu,hoch,"Alle Angaben und die Lage stehen im Text, keine Abbildung nötig."
f9f4e093-605a-4c0a-87da-172d58b74ae0,winkel-parallel-03,,correct_answers,"[""110"",""+110"",""110 °"",""110°"",""+110 °"",""+110°""]",neu,hoch,"Nachgerechnet; Schreibweisen mit und ohne Plus, mit und ohne °."
f9f4e093-605a-4c0a-87da-172d58b74ae0,winkel-parallel-03,,solution,"Bei B oberhalb von h und rechts von s liegt der Stufenwinkel von α: 70°.
β ist dessen Nebenwinkel: β = 180° - 70° = 110°.",neu,hoch,Nachgerechnet.
f9f4e093-605a-4c0a-87da-172d58b74ae0,winkel-parallel-03,,typical_errors,"[{""error"":""β für einen Stufenwinkel von α gehalten: 70°."",""socratic_question"":""Liegt β bei B auf derselben Seite von s wie α bei A?""},{""error"":""Zu 360° statt zu 180° ergänzt: 360° - 70° = 290°."",""socratic_question"":""Wie viel Grad haben zwei Nebenwinkel zusammen?""}]",neu,hoch,"Aus acceptance.known_errors (winkelbeziehung_verwechselt, summe_360_statt_180)."
f9f4e093-605a-4c0a-87da-172d58b74ae0,winkel-parallel-03,,hints,,bewusst leer,,"Auftrag W4 K8-Rest: ohne Hilfe lösbar (LSA), keine Hinweise."
f9f4e093-605a-4c0a-87da-172d58b74ae0,winkel-parallel-03,,acceptance.known_errors (keine UI),"{""70"":""winkelbeziehung_verwechselt"",""290"":""summe_360_statt_180"",""+70"":""winkelbeziehung_verwechselt"",""70 °"":""winkelbeziehung_verwechselt"",""70°"":""winkelbeziehung_verwechselt"",""+70 °"":""winkelbeziehung_verwechselt"",""+70°"":""winkelbeziehung_verwechselt"",""+290"":""summe_360_statt_180"",""290 °"":""summe_360_statt_180"",""290°"":""summe_360_statt_180"",""+290 °"":""summe_360_statt_180"",""+290°"":""summe_360_statt_180""}",neu,hoch,Falscher Wert → Fehlbild-Slug
83a2860a-f361-447a-a164-c3d71a545095,winkel-parallel-04,,afb,II,neu,mittel,"Anwenden: Beziehung selbst erkennen, Kette aus Nebenwinkel und Wechselwinkel."
83a2860a-f361-447a-a164-c3d71a545095,winkel-parallel-04,,est_duration_sec,60,neu,mittel,"Zeitregel: AFB II, kein Sachkontext."
83a2860a-f361-447a-a164-c3d71a545095,winkel-parallel-04,,curriculum_grade,8,neu,hoch,"Stoffanker Klasse 8: KLP G9 NRW, Erste Stufe, Geometrie (Geo-1, Geo-2, Geo-7); in Köln üblich in Klasse 8."
83a2860a-f361-447a-a164-c3d71a545095,winkel-parallel-04,,cluster_id,3156b22e-ad3b-46c8-8c76-4155176cc52a,neu,hoch,Geometrie & Messen wie geo_winkel_summe und geo_flaeche_* im Bestand.
83a2860a-f361-447a-a164-c3d71a545095,winkel-parallel-04,,competency_content,geometrie,neu,hoch,"Inhaltsfeld Geometrie (Winkelbeziehungen, Winkelsätze, Satz des Thales)."
83a2860a-f361-447a-a164-c3d71a545095,winkel-parallel-04,,competency_process,Problemlösen,neu,mittel,"Beziehung selbst erkennen oder Rückrichtung: Weg finden, dann rechnen."
83a2860a-f361-447a-a164-c3d71a545095,winkel-parallel-04,,needs_image,false,neu,hoch,"Alle Angaben und die Lage stehen im Text, keine Abbildung nötig."
83a2860a-f361-447a-a164-c3d71a545095,winkel-parallel-04,,correct_answers,"[""75"",""+75"",""75 °"",""75°"",""+75 °"",""+75°""]",neu,hoch,"Nachgerechnet; Schreibweisen mit und ohne Plus, mit und ohne °."
83a2860a-f361-447a-a164-c3d71a545095,winkel-parallel-04,,solution,"Bei A oberhalb von g und rechts von s liegt der Nebenwinkel von α: 180° - 105° = 75°.
Dessen Stufenwinkel bei B (oberhalb von h, rechts von s) ist ebenfalls 75°, und β ist sein Scheitelwinkel: β = 75°.",neu,hoch,Nachgerechnet.
83a2860a-f361-447a-a164-c3d71a545095,winkel-parallel-04,,typical_errors,"[{""error"":""β für gleich groß wie α gehalten: 105°."",""socratic_question"":""Ist β spitz oder stumpf, wenn α stumpf ist und β auf der anderen Seite von s liegt?""},{""error"":""Zu 360° statt zu 180° ergänzt: 360° - 105° = 255°."",""socratic_question"":""Kann ein Winkel zwischen zwei Geraden größer als 180° sein?""}]",neu,hoch,"Aus acceptance.known_errors (winkelbeziehung_verwechselt, summe_360_statt_180)."
83a2860a-f361-447a-a164-c3d71a545095,winkel-parallel-04,,hints,,bewusst leer,,"Auftrag W4 K8-Rest: ohne Hilfe lösbar (LSA), keine Hinweise."
83a2860a-f361-447a-a164-c3d71a545095,winkel-parallel-04,,acceptance.known_errors (keine UI),"{""105"":""winkelbeziehung_verwechselt"",""255"":""summe_360_statt_180"",""+105"":""winkelbeziehung_verwechselt"",""105 °"":""winkelbeziehung_verwechselt"",""105°"":""winkelbeziehung_verwechselt"",""+105 °"":""winkelbeziehung_verwechselt"",""+105°"":""winkelbeziehung_verwechselt"",""+255"":""summe_360_statt_180"",""255 °"":""summe_360_statt_180"",""255°"":""summe_360_statt_180"",""+255 °"":""summe_360_statt_180"",""+255°"":""summe_360_statt_180""}",neu,hoch,Falscher Wert → Fehlbild-Slug
c648786e-49ab-4451-bd09-85f9c82c4d1d,winkel-parallel-05,,afb,II,neu,mittel,"Anwenden im Sachkontext: Lage übersetzen, Beziehung selbst erkennen (Ergänzung zu 180°)."
c648786e-49ab-4451-bd09-85f9c82c4d1d,winkel-parallel-05,,est_duration_sec,90,neu,mittel,Zeitregel: AFB II + Sachkontext.
c648786e-49ab-4451-bd09-85f9c82c4d1d,winkel-parallel-05,,curriculum_grade,8,neu,hoch,"Stoffanker Klasse 8: KLP G9 NRW, Erste Stufe, Geometrie (Geo-1, Geo-2, Geo-7); in Köln üblich in Klasse 8."
c648786e-49ab-4451-bd09-85f9c82c4d1d,winkel-parallel-05,,cluster_id,3156b22e-ad3b-46c8-8c76-4155176cc52a,neu,hoch,Geometrie & Messen wie geo_winkel_summe und geo_flaeche_* im Bestand.
c648786e-49ab-4451-bd09-85f9c82c4d1d,winkel-parallel-05,,competency_content,geometrie,neu,hoch,"Inhaltsfeld Geometrie (Winkelbeziehungen, Winkelsätze, Satz des Thales)."
c648786e-49ab-4451-bd09-85f9c82c4d1d,winkel-parallel-05,,competency_process,Modellieren,neu,mittel,"Sachsituation (Leiter, Kreuzung, Schienen, Zaun, Dach, Fenster) in eine Winkelfigur übersetzen."
c648786e-49ab-4451-bd09-85f9c82c4d1d,winkel-parallel-05,,needs_image,false,neu,hoch,"Alle Angaben und die Lage stehen im Text, keine Abbildung nötig."
c648786e-49ab-4451-bd09-85f9c82c4d1d,winkel-parallel-05,,correct_answers,"[""122"",""+122"",""122 °"",""122°"",""+122 °"",""+122°""]",neu,hoch,"Nachgerechnet; Schreibweisen mit und ohne Plus, mit und ohne °."
c648786e-49ab-4451-bd09-85f9c82c4d1d,winkel-parallel-05,,solution,"Schienen = Parallelen, Weg = schneidende Gerade. Beide Winkel liegen zwischen den Schienen auf derselben Seite des Weges.
Der Stufenwinkel des 58°-Winkels an der zweiten Schiene liegt außerhalb der Schienen; der gesuchte Winkel ist sein Nebenwinkel: 180° - 58° = 122°.",neu,hoch,Nachgerechnet.
c648786e-49ab-4451-bd09-85f9c82c4d1d,winkel-parallel-05,,typical_errors,"[{""error"":""Die beiden Winkel für gleich groß gehalten: 58°."",""socratic_question"":""Liegen beide Winkel auf derselben Seite des Weges und zwischen den Schienen – was gilt dann?""},{""error"":""Zu 360° statt zu 180° ergänzt: 360° - 58° = 302°."",""socratic_question"":""Kann der Winkel zwischen Weg und Schiene größer als 180° sein?""}]",neu,hoch,"Aus acceptance.known_errors (winkelbeziehung_verwechselt, summe_360_statt_180)."
c648786e-49ab-4451-bd09-85f9c82c4d1d,winkel-parallel-05,,hints,,bewusst leer,,"Auftrag W4 K8-Rest: ohne Hilfe lösbar (LSA), keine Hinweise."
c648786e-49ab-4451-bd09-85f9c82c4d1d,winkel-parallel-05,,acceptance.known_errors (keine UI),"{""58"":""winkelbeziehung_verwechselt"",""302"":""summe_360_statt_180"",""+58"":""winkelbeziehung_verwechselt"",""58 °"":""winkelbeziehung_verwechselt"",""58°"":""winkelbeziehung_verwechselt"",""+58 °"":""winkelbeziehung_verwechselt"",""+58°"":""winkelbeziehung_verwechselt"",""+302"":""summe_360_statt_180"",""302 °"":""summe_360_statt_180"",""302°"":""summe_360_statt_180"",""+302 °"":""summe_360_statt_180"",""+302°"":""summe_360_statt_180""}",neu,hoch,Falscher Wert → Fehlbild-Slug
c648786e-49ab-4451-bd09-85f9c82c4d1d,winkel-parallel-05,,sondierrang (keine UI),1,neu,mittel,"winkel-parallel-05 = 1, winkel-parallel-02 = 2. Rang 1 aus Profil {summe_360_statt_180,winkelbeziehung_verwechselt}, Rang 2 aus Profil {winkelbeziehung_verwechselt} (0 neue Fehlbilder)"
dce9301f-2897-4941-b2e7-87d6d6995ccb,winkel-parallel-06,,afb,II,neu,mittel,Anwenden im Sachkontext: Beziehung selbst erkennen (Wechselwinkel zwischen zwei Latten).
dce9301f-2897-4941-b2e7-87d6d6995ccb,winkel-parallel-06,,est_duration_sec,90,neu,mittel,Zeitregel: AFB II + Sachkontext.
dce9301f-2897-4941-b2e7-87d6d6995ccb,winkel-parallel-06,,curriculum_grade,8,neu,hoch,"Stoffanker Klasse 8: KLP G9 NRW, Erste Stufe, Geometrie (Geo-1, Geo-2, Geo-7); in Köln üblich in Klasse 8."
dce9301f-2897-4941-b2e7-87d6d6995ccb,winkel-parallel-06,,cluster_id,3156b22e-ad3b-46c8-8c76-4155176cc52a,neu,hoch,Geometrie & Messen wie geo_winkel_summe und geo_flaeche_* im Bestand.
dce9301f-2897-4941-b2e7-87d6d6995ccb,winkel-parallel-06,,competency_content,geometrie,neu,hoch,"Inhaltsfeld Geometrie (Winkelbeziehungen, Winkelsätze, Satz des Thales)."
dce9301f-2897-4941-b2e7-87d6d6995ccb,winkel-parallel-06,,competency_process,Modellieren,neu,mittel,"Sachsituation (Leiter, Kreuzung, Schienen, Zaun, Dach, Fenster) in eine Winkelfigur übersetzen."
dce9301f-2897-4941-b2e7-87d6d6995ccb,winkel-parallel-06,,needs_image,false,neu,hoch,"Alle Angaben und die Lage stehen im Text, keine Abbildung nötig."
dce9301f-2897-4941-b2e7-87d6d6995ccb,winkel-parallel-06,,correct_answers,"[""112"",""+112"",""112 °"",""112°"",""+112 °"",""+112°""]",neu,hoch,"Nachgerechnet; Schreibweisen mit und ohne Plus, mit und ohne °."
dce9301f-2897-4941-b2e7-87d6d6995ccb,winkel-parallel-06,,solution,"Latten = Parallelen, Querlatte = schneidende Gerade. Beide Winkel liegen zwischen den beiden Latten, auf verschiedenen Seiten der Querlatte: Wechselwinkel.
Wechselwinkel sind gleich groß: 112°.",neu,hoch,Nachgerechnet.
dce9301f-2897-4941-b2e7-87d6d6995ccb,winkel-parallel-06,,typical_errors,"[{""error"":""Wechselwinkel zu 180° ergänzt: 180° - 112° = 68°."",""socratic_question"":""Liegen die beiden Winkel auf derselben Seite der Querlatte oder auf verschiedenen?""}]",neu,hoch,Aus acceptance.known_errors (winkelbeziehung_verwechselt).
dce9301f-2897-4941-b2e7-87d6d6995ccb,winkel-parallel-06,,hints,,bewusst leer,,"Auftrag W4 K8-Rest: ohne Hilfe lösbar (LSA), keine Hinweise."
dce9301f-2897-4941-b2e7-87d6d6995ccb,winkel-parallel-06,,acceptance.known_errors (keine UI),"{""68"":""winkelbeziehung_verwechselt"",""+68"":""winkelbeziehung_verwechselt"",""68 °"":""winkelbeziehung_verwechselt"",""68°"":""winkelbeziehung_verwechselt"",""+68 °"":""winkelbeziehung_verwechselt"",""+68°"":""winkelbeziehung_verwechselt""}",neu,hoch,Falscher Wert → Fehlbild-Slug
e26cdb23-39dd-4547-b72f-0d73ef7a247c,winkel-dreieck-01,,afb,I,neu,mittel,"Reproduzieren: Basiswinkelsatz und Winkelsumme, Spitze gegeben."
e26cdb23-39dd-4547-b72f-0d73ef7a247c,winkel-dreieck-01,,est_duration_sec,45,neu,mittel,"Zeitregel: AFB I, kein Sachkontext."
e26cdb23-39dd-4547-b72f-0d73ef7a247c,winkel-dreieck-01,,curriculum_grade,8,neu,hoch,"Stoffanker Klasse 8: KLP G9 NRW, Erste Stufe, Geometrie (Geo-1, Geo-2, Geo-7); in Köln üblich in Klasse 8."
e26cdb23-39dd-4547-b72f-0d73ef7a247c,winkel-dreieck-01,,cluster_id,3156b22e-ad3b-46c8-8c76-4155176cc52a,neu,hoch,Geometrie & Messen wie geo_winkel_summe und geo_flaeche_* im Bestand.
e26cdb23-39dd-4547-b72f-0d73ef7a247c,winkel-dreieck-01,,competency_content,geometrie,neu,hoch,"Inhaltsfeld Geometrie (Winkelbeziehungen, Winkelsätze, Satz des Thales)."
e26cdb23-39dd-4547-b72f-0d73ef7a247c,winkel-dreieck-01,,competency_process,Operieren,neu,mittel,Rechnen nach festem Satz (Beziehung genannt oder direkt erkennbar).
e26cdb23-39dd-4547-b72f-0d73ef7a247c,winkel-dreieck-01,,needs_image,false,neu,hoch,"Alle Angaben und die Lage stehen im Text, keine Abbildung nötig."
e26cdb23-39dd-4547-b72f-0d73ef7a247c,winkel-dreieck-01,,correct_answers,"[""70"",""+70"",""70 °"",""70°"",""+70 °"",""+70°""]",neu,hoch,"Nachgerechnet; Schreibweisen mit und ohne Plus, mit und ohne °."
e26cdb23-39dd-4547-b72f-0d73ef7a247c,winkel-dreieck-01,,solution,"C liegt zwischen den gleich langen Seiten, also ist γ der Winkel an der Spitze; α und β sind die gleich großen Basiswinkel.
α = (180° - 40°) : 2 = 70°.",neu,hoch,Nachgerechnet.
e26cdb23-39dd-4547-b72f-0d73ef7a247c,winkel-dreieck-01,,typical_errors,"[{""error"":""Den Winkel an der Spitze für einen Basiswinkel gehalten: α = 40°."",""socratic_question"":""Welche Ecke liegt zwischen den beiden gleich langen Seiten?""},{""error"":""Den Rest für beide Basiswinkel zusammen nicht halbiert: 180° - 40° = 140°."",""socratic_question"":""Wie viele Basiswinkel teilen sich die restlichen 140°?""},{""error"":""Mit 360° statt 180° als Winkelsumme gerechnet: (360° - 40°) : 2 = 160°."",""socratic_question"":""Wie groß ist die Winkelsumme in einem Dreieck?""}]",neu,hoch,"Aus acceptance.known_errors (basiswinkel_falsch_zugeordnet, halbieren_vergessen, summe_360_statt_180)."
e26cdb23-39dd-4547-b72f-0d73ef7a247c,winkel-dreieck-01,,hints,,bewusst leer,,"Auftrag W4 K8-Rest: ohne Hilfe lösbar (LSA), keine Hinweise."
e26cdb23-39dd-4547-b72f-0d73ef7a247c,winkel-dreieck-01,,acceptance.known_errors (keine UI),"{""40"":""basiswinkel_falsch_zugeordnet"",""140"":""halbieren_vergessen"",""160"":""summe_360_statt_180"",""+40"":""basiswinkel_falsch_zugeordnet"",""40 °"":""basiswinkel_falsch_zugeordnet"",""40°"":""basiswinkel_falsch_zugeordnet"",""+40 °"":""basiswinkel_falsch_zugeordnet"",""+40°"":""basiswinkel_falsch_zugeordnet"",""+140"":""halbieren_vergessen"",""140 °"":""halbieren_vergessen"",""140°"":""halbieren_vergessen"",""+140 °"":""halbieren_vergessen"",""+140°"":""halbieren_vergessen"",""+160"":""summe_360_statt_180"",""160 °"":""summe_360_statt_180"",""160°"":""summe_360_statt_180"",""+160 °"":""summe_360_statt_180"",""+160°"":""summe_360_statt_180""}",neu,hoch,Falscher Wert → Fehlbild-Slug
e26cdb23-39dd-4547-b72f-0d73ef7a247c,winkel-dreieck-01,,sondierrang (keine UI),1,neu,mittel,"winkel-dreieck-01 = 1, winkel-dreieck-06 = 2. Rang 1 aus Profil {basiswinkel_falsch_zugeordnet,halbieren_vergessen,summe_360_statt_180}, Rang 2 aus Profil {aussenwinkel_verwechselt,differenz_vergessen} (2 neue Fehlbilder)"
b86dc520-f0cc-4ef1-b931-56c66ca4729f,winkel-dreieck-02,,afb,I,neu,mittel,Reproduzieren: Außenwinkel als Nebenwinkel des Innenwinkels (oder Außenwinkelsatz).
b86dc520-f0cc-4ef1-b931-56c66ca4729f,winkel-dreieck-02,,est_duration_sec,45,neu,mittel,"Zeitregel: AFB I, kein Sachkontext."
b86dc520-f0cc-4ef1-b931-56c66ca4729f,winkel-dreieck-02,,curriculum_grade,8,neu,hoch,"Stoffanker Klasse 8: KLP G9 NRW, Erste Stufe, Geometrie (Geo-1, Geo-2, Geo-7); in Köln üblich in Klasse 8."
b86dc520-f0cc-4ef1-b931-56c66ca4729f,winkel-dreieck-02,,cluster_id,3156b22e-ad3b-46c8-8c76-4155176cc52a,neu,hoch,Geometrie & Messen wie geo_winkel_summe und geo_flaeche_* im Bestand.
b86dc520-f0cc-4ef1-b931-56c66ca4729f,winkel-dreieck-02,,competency_content,geometrie,neu,hoch,"Inhaltsfeld Geometrie (Winkelbeziehungen, Winkelsätze, Satz des Thales)."
b86dc520-f0cc-4ef1-b931-56c66ca4729f,winkel-dreieck-02,,competency_process,Operieren,neu,mittel,Rechnen nach festem Satz (Beziehung genannt oder direkt erkennbar).
b86dc520-f0cc-4ef1-b931-56c66ca4729f,winkel-dreieck-02,,needs_image,false,neu,hoch,"Alle Angaben und die Lage stehen im Text, keine Abbildung nötig."
b86dc520-f0cc-4ef1-b931-56c66ca4729f,winkel-dreieck-02,,correct_answers,"[""110"",""+110"",""110 °"",""110°"",""+110 °"",""+110°""]",neu,hoch,"Nachgerechnet; Schreibweisen mit und ohne Plus, mit und ohne °."
b86dc520-f0cc-4ef1-b931-56c66ca4729f,winkel-dreieck-02,,solution,"γ = 180° - 50° - 60° = 70°.
Außenwinkel bei C = 180° - 70° = 110°.
(Außenwinkelsatz: 50° + 60° = 110°.)",neu,hoch,Nachgerechnet.
b86dc520-f0cc-4ef1-b931-56c66ca4729f,winkel-dreieck-02,,typical_errors,"[{""error"":""Den Innenwinkel γ angegeben statt des Außenwinkels: 70°."",""socratic_question"":""Liegt der gesuchte Winkel innerhalb oder außerhalb des Dreiecks?""}]",neu,hoch,Aus acceptance.known_errors (aussenwinkel_verwechselt).
b86dc520-f0cc-4ef1-b931-56c66ca4729f,winkel-dreieck-02,,hints,,bewusst leer,,"Auftrag W4 K8-Rest: ohne Hilfe lösbar (LSA), keine Hinweise."
b86dc520-f0cc-4ef1-b931-56c66ca4729f,winkel-dreieck-02,,acceptance.known_errors (keine UI),"{""70"":""aussenwinkel_verwechselt"",""+70"":""aussenwinkel_verwechselt"",""70 °"":""aussenwinkel_verwechselt"",""70°"":""aussenwinkel_verwechselt"",""+70 °"":""aussenwinkel_verwechselt"",""+70°"":""aussenwinkel_verwechselt""}",neu,hoch,Falscher Wert → Fehlbild-Slug
90281ee4-13f9-4108-939c-5220439e4c71,winkel-dreieck-03,,afb,II,neu,mittel,Anwenden: gestreckter Winkel auf g und Wechselwinkel an Parallelen kombinieren.
90281ee4-13f9-4108-939c-5220439e4c71,winkel-dreieck-03,,est_duration_sec,60,neu,mittel,"Zeitregel: AFB II, kein Sachkontext."
90281ee4-13f9-4108-939c-5220439e4c71,winkel-dreieck-03,,curriculum_grade,8,neu,hoch,"Stoffanker Klasse 8: KLP G9 NRW, Erste Stufe, Geometrie (Geo-1, Geo-2, Geo-7); in Köln üblich in Klasse 8."
90281ee4-13f9-4108-939c-5220439e4c71,winkel-dreieck-03,,cluster_id,3156b22e-ad3b-46c8-8c76-4155176cc52a,neu,hoch,Geometrie & Messen wie geo_winkel_summe und geo_flaeche_* im Bestand.
90281ee4-13f9-4108-939c-5220439e4c71,winkel-dreieck-03,,competency_content,geometrie,neu,hoch,"Inhaltsfeld Geometrie (Winkelbeziehungen, Winkelsätze, Satz des Thales)."
90281ee4-13f9-4108-939c-5220439e4c71,winkel-dreieck-03,,competency_process,Problemlösen,neu,mittel,"Beziehung selbst erkennen oder Rückrichtung: Weg finden, dann rechnen."
90281ee4-13f9-4108-939c-5220439e4c71,winkel-dreieck-03,,needs_image,false,neu,hoch,"Alle Angaben und die Lage stehen im Text, keine Abbildung nötig."
90281ee4-13f9-4108-939c-5220439e4c71,winkel-dreieck-03,,correct_answers,"[""61"",""+61"",""61 °"",""61°"",""+61 °"",""+61°""]",neu,hoch,"Nachgerechnet; Schreibweisen mit und ohne Plus, mit und ohne °."
90281ee4-13f9-4108-939c-5220439e4c71,winkel-dreieck-03,,solution,"Auf g bilden ∠PCA, γ und ∠QCB zusammen einen gestreckten Winkel: ∠QCB = 180° - 52° - 67° = 61°.
∠QCB und β sind Wechselwinkel an den Parallelen g und AB: β = 61°.",neu,hoch,Nachgerechnet.
90281ee4-13f9-4108-939c-5220439e4c71,winkel-dreieck-03,,typical_errors,"[{""error"":""Die beiden bekannten Winkel nur addiert, nicht von 180° abgezogen: 52° + 67° = 119°."",""socratic_question"":""Wie viel Grad haben die drei Winkel auf der Geraden g bei C zusammen?""},{""error"":""Mit 360° statt 180° gerechnet: 360° - 52° - 67° = 241°."",""socratic_question"":""Bilden die drei Winkel bei C eine gerade Linie oder eine volle Drehung?""}]",neu,hoch,"Aus acceptance.known_errors (differenz_vergessen, summe_360_statt_180)."
90281ee4-13f9-4108-939c-5220439e4c71,winkel-dreieck-03,,hints,,bewusst leer,,"Auftrag W4 K8-Rest: ohne Hilfe lösbar (LSA), keine Hinweise."
90281ee4-13f9-4108-939c-5220439e4c71,winkel-dreieck-03,,acceptance.known_errors (keine UI),"{""119"":""differenz_vergessen"",""241"":""summe_360_statt_180"",""+119"":""differenz_vergessen"",""119 °"":""differenz_vergessen"",""119°"":""differenz_vergessen"",""+119 °"":""differenz_vergessen"",""+119°"":""differenz_vergessen"",""+241"":""summe_360_statt_180"",""241 °"":""summe_360_statt_180"",""241°"":""summe_360_statt_180"",""+241 °"":""summe_360_statt_180"",""+241°"":""summe_360_statt_180""}",neu,hoch,Falscher Wert → Fehlbild-Slug
875bb8b8-fd63-4cc6-989d-c0c41029dd5d,winkel-dreieck-04,,afb,II,neu,mittel,"Anwenden: Basiswinkelsatz, Winkelsumme und Außenwinkel in drei Schritten."
875bb8b8-fd63-4cc6-989d-c0c41029dd5d,winkel-dreieck-04,,est_duration_sec,60,neu,mittel,"Zeitregel: AFB II, kein Sachkontext."
875bb8b8-fd63-4cc6-989d-c0c41029dd5d,winkel-dreieck-04,,curriculum_grade,8,neu,hoch,"Stoffanker Klasse 8: KLP G9 NRW, Erste Stufe, Geometrie (Geo-1, Geo-2, Geo-7); in Köln üblich in Klasse 8."
875bb8b8-fd63-4cc6-989d-c0c41029dd5d,winkel-dreieck-04,,cluster_id,3156b22e-ad3b-46c8-8c76-4155176cc52a,neu,hoch,Geometrie & Messen wie geo_winkel_summe und geo_flaeche_* im Bestand.
875bb8b8-fd63-4cc6-989d-c0c41029dd5d,winkel-dreieck-04,,competency_content,geometrie,neu,hoch,"Inhaltsfeld Geometrie (Winkelbeziehungen, Winkelsätze, Satz des Thales)."
875bb8b8-fd63-4cc6-989d-c0c41029dd5d,winkel-dreieck-04,,competency_process,Operieren,neu,mittel,Rechnen nach festem Satz (Beziehung genannt oder direkt erkennbar).
875bb8b8-fd63-4cc6-989d-c0c41029dd5d,winkel-dreieck-04,,needs_image,false,neu,hoch,"Alle Angaben und die Lage stehen im Text, keine Abbildung nötig."
875bb8b8-fd63-4cc6-989d-c0c41029dd5d,winkel-dreieck-04,,correct_answers,"[""115"",""+115"",""115 °"",""115°"",""+115 °"",""+115°""]",neu,hoch,"Nachgerechnet; Schreibweisen mit und ohne Plus, mit und ohne °."
875bb8b8-fd63-4cc6-989d-c0c41029dd5d,winkel-dreieck-04,,solution,"γ liegt an der Spitze, α und β sind Basiswinkel: α = (180° - 50°) : 2 = 65°.
Außenwinkel bei A = 180° - 65° = 115°.",neu,hoch,Nachgerechnet.
875bb8b8-fd63-4cc6-989d-c0c41029dd5d,winkel-dreieck-04,,typical_errors,"[{""error"":""Den Innenwinkel α angegeben statt des Außenwinkels: 65°."",""socratic_question"":""Liegt der gesuchte Winkel innerhalb oder außerhalb des Dreiecks?""},{""error"":""γ als Basiswinkel bei A genommen und davon den Außenwinkel gebildet: 180° - 50° = 130°."",""socratic_question"":""Welche Ecke liegt zwischen den beiden gleich langen Seiten?""}]",neu,hoch,"Aus acceptance.known_errors (aussenwinkel_verwechselt, basiswinkel_falsch_zugeordnet)."
875bb8b8-fd63-4cc6-989d-c0c41029dd5d,winkel-dreieck-04,,hints,,bewusst leer,,"Auftrag W4 K8-Rest: ohne Hilfe lösbar (LSA), keine Hinweise."
875bb8b8-fd63-4cc6-989d-c0c41029dd5d,winkel-dreieck-04,,acceptance.known_errors (keine UI),"{""65"":""aussenwinkel_verwechselt"",""130"":""basiswinkel_falsch_zugeordnet"",""+65"":""aussenwinkel_verwechselt"",""65 °"":""aussenwinkel_verwechselt"",""65°"":""aussenwinkel_verwechselt"",""+65 °"":""aussenwinkel_verwechselt"",""+65°"":""aussenwinkel_verwechselt"",""+130"":""basiswinkel_falsch_zugeordnet"",""130 °"":""basiswinkel_falsch_zugeordnet"",""130°"":""basiswinkel_falsch_zugeordnet"",""+130 °"":""basiswinkel_falsch_zugeordnet"",""+130°"":""basiswinkel_falsch_zugeordnet""}",neu,hoch,Falscher Wert → Fehlbild-Slug
1a1092b8-1ddd-4b8a-9560-7647b94f4307,winkel-dreieck-05,,afb,II,neu,mittel,"Anwenden im Sachkontext: Querschnitt als gleichschenkliges Dreieck lesen, Spitze am First."
1a1092b8-1ddd-4b8a-9560-7647b94f4307,winkel-dreieck-05,,est_duration_sec,90,neu,mittel,Zeitregel: AFB II + Sachkontext.
1a1092b8-1ddd-4b8a-9560-7647b94f4307,winkel-dreieck-05,,curriculum_grade,8,neu,hoch,"Stoffanker Klasse 8: KLP G9 NRW, Erste Stufe, Geometrie (Geo-1, Geo-2, Geo-7); in Köln üblich in Klasse 8."
1a1092b8-1ddd-4b8a-9560-7647b94f4307,winkel-dreieck-05,,cluster_id,3156b22e-ad3b-46c8-8c76-4155176cc52a,neu,hoch,Geometrie & Messen wie geo_winkel_summe und geo_flaeche_* im Bestand.
1a1092b8-1ddd-4b8a-9560-7647b94f4307,winkel-dreieck-05,,competency_content,geometrie,neu,hoch,"Inhaltsfeld Geometrie (Winkelbeziehungen, Winkelsätze, Satz des Thales)."
1a1092b8-1ddd-4b8a-9560-7647b94f4307,winkel-dreieck-05,,competency_process,Modellieren,neu,mittel,"Sachsituation (Leiter, Kreuzung, Schienen, Zaun, Dach, Fenster) in eine Winkelfigur übersetzen."
1a1092b8-1ddd-4b8a-9560-7647b94f4307,winkel-dreieck-05,,needs_image,false,neu,hoch,"Alle Angaben und die Lage stehen im Text, keine Abbildung nötig."
1a1092b8-1ddd-4b8a-9560-7647b94f4307,winkel-dreieck-05,,correct_answers,"[""35"",""+35"",""35 °"",""35°"",""+35 °"",""+35°""]",neu,hoch,"Nachgerechnet; Schreibweisen mit und ohne Plus, mit und ohne °."
1a1092b8-1ddd-4b8a-9560-7647b94f4307,winkel-dreieck-05,,solution,"Der First liegt zwischen den gleich langen Dachflächen: Er ist die Spitze. Die Winkel am Dachboden sind die gleich großen Basiswinkel.
(180° - 110°) : 2 = 35°.",neu,hoch,Nachgerechnet.
1a1092b8-1ddd-4b8a-9560-7647b94f4307,winkel-dreieck-05,,typical_errors,"[{""error"":""Den Winkel am First für einen Basiswinkel gehalten: 110°."",""socratic_question"":""Liegt der Winkel am First zwischen den beiden gleich langen Seiten oder an der Grundseite?""},{""error"":""Den Rest für beide Basiswinkel zusammen nicht halbiert: 180° - 110° = 70°."",""socratic_question"":""Auf wie viele Winkel am Dachboden verteilen sich die restlichen 70°?""},{""error"":""Mit 360° statt 180° als Winkelsumme gerechnet: (360° - 110°) : 2 = 125°."",""socratic_question"":""Wie groß ist die Winkelsumme in einem Dreieck?""}]",neu,hoch,"Aus acceptance.known_errors (basiswinkel_falsch_zugeordnet, halbieren_vergessen, summe_360_statt_180)."
1a1092b8-1ddd-4b8a-9560-7647b94f4307,winkel-dreieck-05,,hints,,bewusst leer,,"Auftrag W4 K8-Rest: ohne Hilfe lösbar (LSA), keine Hinweise."
1a1092b8-1ddd-4b8a-9560-7647b94f4307,winkel-dreieck-05,,acceptance.known_errors (keine UI),"{""70"":""halbieren_vergessen"",""110"":""basiswinkel_falsch_zugeordnet"",""125"":""summe_360_statt_180"",""+110"":""basiswinkel_falsch_zugeordnet"",""110 °"":""basiswinkel_falsch_zugeordnet"",""110°"":""basiswinkel_falsch_zugeordnet"",""+110 °"":""basiswinkel_falsch_zugeordnet"",""+110°"":""basiswinkel_falsch_zugeordnet"",""+70"":""halbieren_vergessen"",""70 °"":""halbieren_vergessen"",""70°"":""halbieren_vergessen"",""+70 °"":""halbieren_vergessen"",""+70°"":""halbieren_vergessen"",""+125"":""summe_360_statt_180"",""125 °"":""summe_360_statt_180"",""125°"":""summe_360_statt_180"",""+125 °"":""summe_360_statt_180"",""+125°"":""summe_360_statt_180""}",neu,hoch,Falscher Wert → Fehlbild-Slug
fee2cf1f-4ecc-4f68-ab73-03fdcee03528,winkel-dreieck-06,,afb,III,neu,mittel,Rückrichtung: aus Außenwinkel und einem Innenwinkel den dritten Winkel erschließen.
fee2cf1f-4ecc-4f68-ab73-03fdcee03528,winkel-dreieck-06,,est_duration_sec,90,neu,mittel,"Zeitregel: AFB III, kein Sachkontext."
fee2cf1f-4ecc-4f68-ab73-03fdcee03528,winkel-dreieck-06,,curriculum_grade,8,neu,hoch,"Stoffanker Klasse 8: KLP G9 NRW, Erste Stufe, Geometrie (Geo-1, Geo-2, Geo-7); in Köln üblich in Klasse 8."
fee2cf1f-4ecc-4f68-ab73-03fdcee03528,winkel-dreieck-06,,cluster_id,3156b22e-ad3b-46c8-8c76-4155176cc52a,neu,hoch,Geometrie & Messen wie geo_winkel_summe und geo_flaeche_* im Bestand.
fee2cf1f-4ecc-4f68-ab73-03fdcee03528,winkel-dreieck-06,,competency_content,geometrie,neu,hoch,"Inhaltsfeld Geometrie (Winkelbeziehungen, Winkelsätze, Satz des Thales)."
fee2cf1f-4ecc-4f68-ab73-03fdcee03528,winkel-dreieck-06,,competency_process,Problemlösen,neu,mittel,"Beziehung selbst erkennen oder Rückrichtung: Weg finden, dann rechnen."
fee2cf1f-4ecc-4f68-ab73-03fdcee03528,winkel-dreieck-06,,needs_image,false,neu,hoch,"Alle Angaben und die Lage stehen im Text, keine Abbildung nötig."
fee2cf1f-4ecc-4f68-ab73-03fdcee03528,winkel-dreieck-06,,correct_answers,"[""77"",""+77"",""77 °"",""77°"",""+77 °"",""+77°""]",neu,hoch,"Nachgerechnet; Schreibweisen mit und ohne Plus, mit und ohne °."
fee2cf1f-4ecc-4f68-ab73-03fdcee03528,winkel-dreieck-06,,solution,"γ = 180° - 125° = 55°.
β = 180° - 48° - 55° = 77°.
(Außenwinkelsatz: 125° = 48° + β, also β = 77°.)",neu,hoch,Nachgerechnet.
fee2cf1f-4ecc-4f68-ab73-03fdcee03528,winkel-dreieck-06,,typical_errors,"[{""error"":""Den Außenwinkel wie den Innenwinkel γ verwendet: 180° - 125° - 48° = 7°."",""socratic_question"":""Ist 125° der Winkel im Dreieck bei C oder der daneben?""},{""error"":""Die beiden gegebenen Winkel addiert statt subtrahiert: 125° + 48° = 173°."",""socratic_question"":""Der Außenwinkel ist so groß wie zwei Innenwinkel zusammen – welcher davon fehlt noch?""}]",neu,hoch,"Aus acceptance.known_errors (aussenwinkel_verwechselt, differenz_vergessen)."
fee2cf1f-4ecc-4f68-ab73-03fdcee03528,winkel-dreieck-06,,hints,,bewusst leer,,"Auftrag W4 K8-Rest: ohne Hilfe lösbar (LSA), keine Hinweise."
fee2cf1f-4ecc-4f68-ab73-03fdcee03528,winkel-dreieck-06,,acceptance.known_errors (keine UI),"{""7"":""aussenwinkel_verwechselt"",""173"":""differenz_vergessen"",""+7"":""aussenwinkel_verwechselt"",""7 °"":""aussenwinkel_verwechselt"",""7°"":""aussenwinkel_verwechselt"",""+7 °"":""aussenwinkel_verwechselt"",""+7°"":""aussenwinkel_verwechselt"",""+173"":""differenz_vergessen"",""173 °"":""differenz_vergessen"",""173°"":""differenz_vergessen"",""+173 °"":""differenz_vergessen"",""+173°"":""differenz_vergessen""}",neu,hoch,Falscher Wert → Fehlbild-Slug
fee2cf1f-4ecc-4f68-ab73-03fdcee03528,winkel-dreieck-06,,sondierrang (keine UI),2,neu,mittel,"winkel-dreieck-01 = 1, winkel-dreieck-06 = 2. Rang 1 aus Profil {basiswinkel_falsch_zugeordnet,halbieren_vergessen,summe_360_statt_180}, Rang 2 aus Profil {aussenwinkel_verwechselt,differenz_vergessen} (2 neue Fehlbilder)"
9f171c32-9786-4617-b2e4-161c88071ea5,winkel-thales-01,,afb,I,neu,mittel,Reproduzieren: Satz des Thales (γ = 90°) und Winkelsumme.
9f171c32-9786-4617-b2e4-161c88071ea5,winkel-thales-01,,est_duration_sec,45,neu,mittel,"Zeitregel: AFB I, kein Sachkontext."
9f171c32-9786-4617-b2e4-161c88071ea5,winkel-thales-01,,curriculum_grade,8,neu,hoch,"Stoffanker Klasse 8: KLP G9 NRW, Erste Stufe, Geometrie (Geo-1, Geo-2, Geo-7); in Köln üblich in Klasse 8."
9f171c32-9786-4617-b2e4-161c88071ea5,winkel-thales-01,,cluster_id,3156b22e-ad3b-46c8-8c76-4155176cc52a,neu,hoch,Geometrie & Messen wie geo_winkel_summe und geo_flaeche_* im Bestand.
9f171c32-9786-4617-b2e4-161c88071ea5,winkel-thales-01,,competency_content,geometrie,neu,hoch,"Inhaltsfeld Geometrie (Winkelbeziehungen, Winkelsätze, Satz des Thales)."
9f171c32-9786-4617-b2e4-161c88071ea5,winkel-thales-01,,competency_process,Operieren,neu,mittel,Rechnen nach festem Satz (Beziehung genannt oder direkt erkennbar).
9f171c32-9786-4617-b2e4-161c88071ea5,winkel-thales-01,,needs_image,false,neu,hoch,"Alle Angaben und die Lage stehen im Text, keine Abbildung nötig."
9f171c32-9786-4617-b2e4-161c88071ea5,winkel-thales-01,,correct_answers,"[""55"",""+55"",""55 °"",""55°"",""+55 °"",""+55°""]",neu,hoch,"Nachgerechnet; Schreibweisen mit und ohne Plus, mit und ohne °."
9f171c32-9786-4617-b2e4-161c88071ea5,winkel-thales-01,,solution,"C liegt auf dem Kreis über dem Durchmesser AB: Nach dem Satz des Thales ist γ = 90°.
β = 180° - 90° - 35° = 55°.",neu,hoch,Nachgerechnet.
9f171c32-9786-4617-b2e4-161c88071ea5,winkel-thales-01,,typical_errors,"[{""error"":""Den rechten Winkel bei B statt bei C angenommen: β = 90°."",""socratic_question"":""Welche Ecke liegt auf dem Kreis und nicht am Durchmesser?""},{""error"":""Die bekannten Winkel nur addiert, nicht von 180° abgezogen: 90° + 35° = 125°."",""socratic_question"":""Wie groß ist die Winkelsumme, und was fehlt noch bis dahin?""}]",neu,hoch,"Aus acceptance.known_errors (rechter_winkel_falsche_ecke, differenz_vergessen)."
9f171c32-9786-4617-b2e4-161c88071ea5,winkel-thales-01,,hints,,bewusst leer,,"Auftrag W4 K8-Rest: ohne Hilfe lösbar (LSA), keine Hinweise."
9f171c32-9786-4617-b2e4-161c88071ea5,winkel-thales-01,,acceptance.known_errors (keine UI),"{""90"":""rechter_winkel_falsche_ecke"",""125"":""differenz_vergessen"",""+90"":""rechter_winkel_falsche_ecke"",""90 °"":""rechter_winkel_falsche_ecke"",""90°"":""rechter_winkel_falsche_ecke"",""+90 °"":""rechter_winkel_falsche_ecke"",""+90°"":""rechter_winkel_falsche_ecke"",""+125"":""differenz_vergessen"",""125 °"":""differenz_vergessen"",""125°"":""differenz_vergessen"",""+125 °"":""differenz_vergessen"",""+125°"":""differenz_vergessen""}",neu,hoch,Falscher Wert → Fehlbild-Slug
22e90366-5528-4685-993e-42e88f3623f6,winkel-thales-02,,afb,I,neu,mittel,"Reproduzieren: Satz des Thales erkennen, der gegebene Winkel ist Ablenkung."
22e90366-5528-4685-993e-42e88f3623f6,winkel-thales-02,,est_duration_sec,45,neu,mittel,"Zeitregel: AFB I, kein Sachkontext."
22e90366-5528-4685-993e-42e88f3623f6,winkel-thales-02,,curriculum_grade,8,neu,hoch,"Stoffanker Klasse 8: KLP G9 NRW, Erste Stufe, Geometrie (Geo-1, Geo-2, Geo-7); in Köln üblich in Klasse 8."
22e90366-5528-4685-993e-42e88f3623f6,winkel-thales-02,,cluster_id,3156b22e-ad3b-46c8-8c76-4155176cc52a,neu,hoch,Geometrie & Messen wie geo_winkel_summe und geo_flaeche_* im Bestand.
22e90366-5528-4685-993e-42e88f3623f6,winkel-thales-02,,competency_content,geometrie,neu,hoch,"Inhaltsfeld Geometrie (Winkelbeziehungen, Winkelsätze, Satz des Thales)."
22e90366-5528-4685-993e-42e88f3623f6,winkel-thales-02,,competency_process,Operieren,neu,mittel,Rechnen nach festem Satz (Beziehung genannt oder direkt erkennbar).
22e90366-5528-4685-993e-42e88f3623f6,winkel-thales-02,,needs_image,false,neu,hoch,"Alle Angaben und die Lage stehen im Text, keine Abbildung nötig."
22e90366-5528-4685-993e-42e88f3623f6,winkel-thales-02,,correct_answers,"[""90"",""+90"",""90 °"",""90°"",""+90 °"",""+90°""]",neu,hoch,"Nachgerechnet; Schreibweisen mit und ohne Plus, mit und ohne °."
22e90366-5528-4685-993e-42e88f3623f6,winkel-thales-02,,solution,"C liegt auf dem Kreis über dem Durchmesser AB: Nach dem Satz des Thales ist γ = 90°, unabhängig von α.",neu,hoch,Nachgerechnet.
22e90366-5528-4685-993e-42e88f3623f6,winkel-thales-02,,typical_errors,"[{""error"":""Den rechten Winkel bei B angenommen und γ aus der Winkelsumme berechnet: 180° - 90° - 28° = 62°."",""socratic_question"":""Welche Ecke liegt dem Durchmesser gegenüber?""}]",neu,hoch,Aus acceptance.known_errors (rechter_winkel_falsche_ecke).
22e90366-5528-4685-993e-42e88f3623f6,winkel-thales-02,,hints,,bewusst leer,,"Auftrag W4 K8-Rest: ohne Hilfe lösbar (LSA), keine Hinweise."
22e90366-5528-4685-993e-42e88f3623f6,winkel-thales-02,,acceptance.known_errors (keine UI),"{""62"":""rechter_winkel_falsche_ecke"",""+62"":""rechter_winkel_falsche_ecke"",""62 °"":""rechter_winkel_falsche_ecke"",""62°"":""rechter_winkel_falsche_ecke"",""+62 °"":""rechter_winkel_falsche_ecke"",""+62°"":""rechter_winkel_falsche_ecke""}",neu,hoch,Falscher Wert → Fehlbild-Slug
9e7c1e4b-d317-44cf-8865-071c653ef2cf,winkel-thales-03,,afb,II,neu,mittel,Anwenden: Dreieck AMC als gleichschenklig erkennen (MA = MC = Radius).
9e7c1e4b-d317-44cf-8865-071c653ef2cf,winkel-thales-03,,est_duration_sec,60,neu,mittel,"Zeitregel: AFB II, kein Sachkontext."
9e7c1e4b-d317-44cf-8865-071c653ef2cf,winkel-thales-03,,curriculum_grade,8,neu,hoch,"Stoffanker Klasse 8: KLP G9 NRW, Erste Stufe, Geometrie (Geo-1, Geo-2, Geo-7); in Köln üblich in Klasse 8."
9e7c1e4b-d317-44cf-8865-071c653ef2cf,winkel-thales-03,,cluster_id,3156b22e-ad3b-46c8-8c76-4155176cc52a,neu,hoch,Geometrie & Messen wie geo_winkel_summe und geo_flaeche_* im Bestand.
9e7c1e4b-d317-44cf-8865-071c653ef2cf,winkel-thales-03,,competency_content,geometrie,neu,hoch,"Inhaltsfeld Geometrie (Winkelbeziehungen, Winkelsätze, Satz des Thales)."
9e7c1e4b-d317-44cf-8865-071c653ef2cf,winkel-thales-03,,competency_process,Problemlösen,neu,mittel,"Beziehung selbst erkennen oder Rückrichtung: Weg finden, dann rechnen."
9e7c1e4b-d317-44cf-8865-071c653ef2cf,winkel-thales-03,,needs_image,false,neu,hoch,"Alle Angaben und die Lage stehen im Text, keine Abbildung nötig."
9e7c1e4b-d317-44cf-8865-071c653ef2cf,winkel-thales-03,,correct_answers,"[""40"",""+40"",""40 °"",""40°"",""+40 °"",""+40°""]",neu,hoch,"Nachgerechnet; Schreibweisen mit und ohne Plus, mit und ohne °."
9e7c1e4b-d317-44cf-8865-071c653ef2cf,winkel-thales-03,,solution,"MA und MC sind Radien, also gleich lang: Das Dreieck AMC ist gleichschenklig mit der Spitze M.
Die Basiswinkel bei A und C sind gleich: ∠ACM = α = 40°.",neu,hoch,Nachgerechnet.
9e7c1e4b-d317-44cf-8865-071c653ef2cf,winkel-thales-03,,typical_errors,"[{""error"":""α für den Winkel an der Spitze von Dreieck AMC gehalten: (180° - 40°) : 2 = 70°."",""socratic_question"":""Welche Ecke von Dreieck AMC liegt zwischen den beiden gleich langen Radien?""}]",neu,hoch,Aus acceptance.known_errors (basiswinkel_falsch_zugeordnet).
9e7c1e4b-d317-44cf-8865-071c653ef2cf,winkel-thales-03,,hints,,bewusst leer,,"Auftrag W4 K8-Rest: ohne Hilfe lösbar (LSA), keine Hinweise."
9e7c1e4b-d317-44cf-8865-071c653ef2cf,winkel-thales-03,,acceptance.known_errors (keine UI),"{""70"":""basiswinkel_falsch_zugeordnet"",""+70"":""basiswinkel_falsch_zugeordnet"",""70 °"":""basiswinkel_falsch_zugeordnet"",""70°"":""basiswinkel_falsch_zugeordnet"",""+70 °"":""basiswinkel_falsch_zugeordnet"",""+70°"":""basiswinkel_falsch_zugeordnet""}",neu,hoch,Falscher Wert → Fehlbild-Slug
9ca300e1-76b9-4bb9-96cf-44cfda31824b,winkel-thales-04,,afb,II,neu,mittel,"Anwenden: Nebenwinkel bei M, dann gleichschenkliges Dreieck AMC (zwei Schritte)."
9ca300e1-76b9-4bb9-96cf-44cfda31824b,winkel-thales-04,,est_duration_sec,60,neu,mittel,"Zeitregel: AFB II, kein Sachkontext."
9ca300e1-76b9-4bb9-96cf-44cfda31824b,winkel-thales-04,,curriculum_grade,8,neu,hoch,"Stoffanker Klasse 8: KLP G9 NRW, Erste Stufe, Geometrie (Geo-1, Geo-2, Geo-7); in Köln üblich in Klasse 8."
9ca300e1-76b9-4bb9-96cf-44cfda31824b,winkel-thales-04,,cluster_id,3156b22e-ad3b-46c8-8c76-4155176cc52a,neu,hoch,Geometrie & Messen wie geo_winkel_summe und geo_flaeche_* im Bestand.
9ca300e1-76b9-4bb9-96cf-44cfda31824b,winkel-thales-04,,competency_content,geometrie,neu,hoch,"Inhaltsfeld Geometrie (Winkelbeziehungen, Winkelsätze, Satz des Thales)."
9ca300e1-76b9-4bb9-96cf-44cfda31824b,winkel-thales-04,,competency_process,Problemlösen,neu,mittel,"Beziehung selbst erkennen oder Rückrichtung: Weg finden, dann rechnen."
9ca300e1-76b9-4bb9-96cf-44cfda31824b,winkel-thales-04,,needs_image,false,neu,hoch,"Alle Angaben und die Lage stehen im Text, keine Abbildung nötig."
9ca300e1-76b9-4bb9-96cf-44cfda31824b,winkel-thales-04,,correct_answers,"[""32"",""+32"",""32 °"",""32°"",""+32 °"",""+32°""]",neu,hoch,"Nachgerechnet; Schreibweisen mit und ohne Plus, mit und ohne °."
9ca300e1-76b9-4bb9-96cf-44cfda31824b,winkel-thales-04,,solution,"∠AMC ist Nebenwinkel von ∠BMC: 180° - 64° = 116°.
Das Dreieck AMC ist gleichschenklig (MA = MC), Spitze M: α = (180° - 116°) : 2 = 32°.",neu,hoch,Nachgerechnet.
9ca300e1-76b9-4bb9-96cf-44cfda31824b,winkel-thales-04,,typical_errors,"[{""error"":""64° als Basiswinkel β im Dreieck BMC genommen, dann α = 90° - 64° = 26°."",""socratic_question"":""Liegt der Winkel bei M zwischen den beiden gleich langen Radien?""},{""error"":""Den Rest im Dreieck AMC nicht halbiert: 180° - 116° = 64°."",""socratic_question"":""Auf wie viele gleich große Winkel verteilen sich die restlichen 64° im Dreieck AMC?""}]",neu,hoch,"Aus acceptance.known_errors (basiswinkel_falsch_zugeordnet, halbieren_vergessen)."
9ca300e1-76b9-4bb9-96cf-44cfda31824b,winkel-thales-04,,hints,,bewusst leer,,"Auftrag W4 K8-Rest: ohne Hilfe lösbar (LSA), keine Hinweise."
9ca300e1-76b9-4bb9-96cf-44cfda31824b,winkel-thales-04,,acceptance.known_errors (keine UI),"{""26"":""basiswinkel_falsch_zugeordnet"",""64"":""halbieren_vergessen"",""+26"":""basiswinkel_falsch_zugeordnet"",""26 °"":""basiswinkel_falsch_zugeordnet"",""26°"":""basiswinkel_falsch_zugeordnet"",""+26 °"":""basiswinkel_falsch_zugeordnet"",""+26°"":""basiswinkel_falsch_zugeordnet"",""+64"":""halbieren_vergessen"",""64 °"":""halbieren_vergessen"",""64°"":""halbieren_vergessen"",""+64 °"":""halbieren_vergessen"",""+64°"":""halbieren_vergessen""}",neu,hoch,Falscher Wert → Fehlbild-Slug
9ca300e1-76b9-4bb9-96cf-44cfda31824b,winkel-thales-04,,sondierrang (keine UI),2,neu,mittel,"winkel-thales-05 = 1, winkel-thales-04 = 2. Rang 1 aus Profil {differenz_vergessen,rechter_winkel_falsche_ecke}, Rang 2 aus Profil {basiswinkel_falsch_zugeordnet,halbieren_vergessen} (2 neue Fehlbilder)"
11aebc7c-d30e-4577-89d5-52efed7d379f,winkel-thales-05,,afb,II,neu,mittel,"Anwenden im Sachkontext: Thales-Situation im Fenster erkennen, dann Winkelsumme."
11aebc7c-d30e-4577-89d5-52efed7d379f,winkel-thales-05,,est_duration_sec,90,neu,mittel,Zeitregel: AFB II + Sachkontext.
11aebc7c-d30e-4577-89d5-52efed7d379f,winkel-thales-05,,curriculum_grade,8,neu,hoch,"Stoffanker Klasse 8: KLP G9 NRW, Erste Stufe, Geometrie (Geo-1, Geo-2, Geo-7); in Köln üblich in Klasse 8."
11aebc7c-d30e-4577-89d5-52efed7d379f,winkel-thales-05,,cluster_id,3156b22e-ad3b-46c8-8c76-4155176cc52a,neu,hoch,Geometrie & Messen wie geo_winkel_summe und geo_flaeche_* im Bestand.
11aebc7c-d30e-4577-89d5-52efed7d379f,winkel-thales-05,,competency_content,geometrie,neu,hoch,"Inhaltsfeld Geometrie (Winkelbeziehungen, Winkelsätze, Satz des Thales)."
11aebc7c-d30e-4577-89d5-52efed7d379f,winkel-thales-05,,competency_process,Modellieren,neu,mittel,"Sachsituation (Leiter, Kreuzung, Schienen, Zaun, Dach, Fenster) in eine Winkelfigur übersetzen."
11aebc7c-d30e-4577-89d5-52efed7d379f,winkel-thales-05,,needs_image,false,neu,hoch,"Alle Angaben und die Lage stehen im Text, keine Abbildung nötig."
11aebc7c-d30e-4577-89d5-52efed7d379f,winkel-thales-05,,correct_answers,"[""58"",""+58"",""58 °"",""58°"",""+58 °"",""+58°""]",neu,hoch,"Nachgerechnet; Schreibweisen mit und ohne Plus, mit und ohne °."
11aebc7c-d30e-4577-89d5-52efed7d379f,winkel-thales-05,,solution,"AB ist Durchmesser, C liegt auf dem Bogen: Nach dem Satz des Thales ist der Winkel bei C ein rechter.
Winkel bei B = 180° - 90° - 32° = 58°.",neu,hoch,Nachgerechnet.
11aebc7c-d30e-4577-89d5-52efed7d379f,winkel-thales-05,,typical_errors,"[{""error"":""Den rechten Winkel bei B angenommen: 90°."",""socratic_question"":""Welche Ecke des Dreiecks liegt auf dem Bogen?""},{""error"":""Die bekannten Winkel nur addiert: 90° + 32° = 122°."",""socratic_question"":""Was muss mit 122° noch geschehen, damit der dritte Winkel herauskommt?""}]",neu,hoch,"Aus acceptance.known_errors (rechter_winkel_falsche_ecke, differenz_vergessen)."
11aebc7c-d30e-4577-89d5-52efed7d379f,winkel-thales-05,,hints,,bewusst leer,,"Auftrag W4 K8-Rest: ohne Hilfe lösbar (LSA), keine Hinweise."
11aebc7c-d30e-4577-89d5-52efed7d379f,winkel-thales-05,,acceptance.known_errors (keine UI),"{""90"":""rechter_winkel_falsche_ecke"",""122"":""differenz_vergessen"",""+90"":""rechter_winkel_falsche_ecke"",""90 °"":""rechter_winkel_falsche_ecke"",""90°"":""rechter_winkel_falsche_ecke"",""+90 °"":""rechter_winkel_falsche_ecke"",""+90°"":""rechter_winkel_falsche_ecke"",""+122"":""differenz_vergessen"",""122 °"":""differenz_vergessen"",""122°"":""differenz_vergessen"",""+122 °"":""differenz_vergessen"",""+122°"":""differenz_vergessen""}",neu,hoch,Falscher Wert → Fehlbild-Slug
11aebc7c-d30e-4577-89d5-52efed7d379f,winkel-thales-05,,sondierrang (keine UI),1,neu,mittel,"winkel-thales-05 = 1, winkel-thales-04 = 2. Rang 1 aus Profil {differenz_vergessen,rechter_winkel_falsche_ecke}, Rang 2 aus Profil {basiswinkel_falsch_zugeordnet,halbieren_vergessen} (2 neue Fehlbilder)"
3e087e16-bd3e-4489-b3d9-6c6759c4ce74,winkel-thales-06,,afb,III,neu,mittel,"Rückrichtung: Winkel bei M aus Summe und Unterschied bestimmen, dann gleichschenkliges Dreieck AMC."
3e087e16-bd3e-4489-b3d9-6c6759c4ce74,winkel-thales-06,,est_duration_sec,90,neu,mittel,"Zeitregel: AFB III, kein Sachkontext."
3e087e16-bd3e-4489-b3d9-6c6759c4ce74,winkel-thales-06,,curriculum_grade,8,neu,hoch,"Stoffanker Klasse 8: KLP G9 NRW, Erste Stufe, Geometrie (Geo-1, Geo-2, Geo-7); in Köln üblich in Klasse 8."
3e087e16-bd3e-4489-b3d9-6c6759c4ce74,winkel-thales-06,,cluster_id,3156b22e-ad3b-46c8-8c76-4155176cc52a,neu,hoch,Geometrie & Messen wie geo_winkel_summe und geo_flaeche_* im Bestand.
3e087e16-bd3e-4489-b3d9-6c6759c4ce74,winkel-thales-06,,competency_content,geometrie,neu,hoch,"Inhaltsfeld Geometrie (Winkelbeziehungen, Winkelsätze, Satz des Thales)."
3e087e16-bd3e-4489-b3d9-6c6759c4ce74,winkel-thales-06,,competency_process,Problemlösen,neu,mittel,"Beziehung selbst erkennen oder Rückrichtung: Weg finden, dann rechnen."
3e087e16-bd3e-4489-b3d9-6c6759c4ce74,winkel-thales-06,,needs_image,false,neu,hoch,"Alle Angaben und die Lage stehen im Text, keine Abbildung nötig."
3e087e16-bd3e-4489-b3d9-6c6759c4ce74,winkel-thales-06,,correct_answers,"[""35"",""+35"",""35 °"",""35°"",""+35 °"",""+35°""]",neu,hoch,"Nachgerechnet; Schreibweisen mit und ohne Plus, mit und ohne °."
3e087e16-bd3e-4489-b3d9-6c6759c4ce74,winkel-thales-06,,solution,"∠AMC und ∠BMC sind Nebenwinkel: zusammen 180°. ∠BMC = (180° - 40°) : 2 = 70°, ∠AMC = 110°.
Dreieck AMC ist gleichschenklig (MA = MC), Spitze M: α = (180° - 110°) : 2 = 35°.",neu,hoch,Nachgerechnet.
3e087e16-bd3e-4489-b3d9-6c6759c4ce74,winkel-thales-06,,typical_errors,"[{""error"":""Den Rest im Dreieck AMC nicht halbiert: 180° - 110° = 70°."",""socratic_question"":""Auf wie viele gleich große Winkel verteilen sich die restlichen 70° im Dreieck AMC?""}]",neu,hoch,Aus acceptance.known_errors (halbieren_vergessen).
3e087e16-bd3e-4489-b3d9-6c6759c4ce74,winkel-thales-06,,hints,,bewusst leer,,"Auftrag W4 K8-Rest: ohne Hilfe lösbar (LSA), keine Hinweise."
3e087e16-bd3e-4489-b3d9-6c6759c4ce74,winkel-thales-06,,acceptance.known_errors (keine UI),"{""70"":""halbieren_vergessen"",""+70"":""halbieren_vergessen"",""70 °"":""halbieren_vergessen"",""70°"":""halbieren_vergessen"",""+70 °"":""halbieren_vergessen"",""+70°"":""halbieren_vergessen""}",neu,hoch,Falscher Wert → Fehlbild-Slug
