Aufgabe-ID,Teilaufgabe,Feld,alter Wert,neuer Wert,Art,Unsicherheit,Begründung
5699500a-7b14-4f91-9039-6226dc176587,,tasks.est_duration_sec,,75,neu,mittel,Zeitregel: AFB I + Sachkontext.
5699500a-7b14-4f91-9039-6226dc176587,,tasks.curriculum_grade,,6,neu,hoch,Wie alle 8 Aufgaben mit skill_key dezimal_add_sub im Bestand: Stoffanker Klasse 6.
5699500a-7b14-4f91-9039-6226dc176587,,tasks.cluster_id,,e7108c9a-d19e-4021-8499-55b4f3d5d70c,neu,hoch,Wie alle 8 Aufgaben mit skill_key dezimal_add_sub im Bestand: Themengebiet „Zahl & Rechnen“.
5699500a-7b14-4f91-9039-6226dc176587,,tasks.competency_content,,arithmetik_algebra,neu,hoch,Wie alle 8 Aufgaben mit skill_key dezimal_add_sub im Bestand: Inhaltsfeld arithmetik_algebra.
5699500a-7b14-4f91-9039-6226dc176587,,tasks.needs_image,,false,neu,hoch,Aufgabentext enthält alle Angaben und verweist auf keine Abbildung.
5699500a-7b14-4f91-9039-6226dc176587,,task_solutions.solution,,"1,25 l + 0,4 l = 1,65 l.",neu,hoch,Nachgerechnet.
5699500a-7b14-4f91-9039-6226dc176587,,task_solutions.hints,,"[{""level"":1,""text"":""Überlege zuerst: Musst du addieren oder subtrahieren?""},{""level"":2,""text"":""Schreibe die Zahlen Komma unter Komma untereinander und rechne stellenweise.""}]",neu,hoch,Generiert.
5699500a-7b14-4f91-9039-6226dc176587,,task_solutions.typical_errors,,"[{""error"":""Subtrahiert statt addiert: 0,85 l."",""socratic_question"":""Kommt Saft dazu oder wird etwas weggenommen?""},{""error"":""Stellenwerte verrutscht: 1,25 + 0,04 = 1,29."",""socratic_question"":""Stehen die Kommas beim Untereinanderschreiben genau untereinander?""}]",neu,hoch,Aus acceptance.known_errors der Aufgabe abgeleitet.
5699500a-7b14-4f91-9039-6226dc176587,,competency_process,,,bewusst leer,,"Die 8 Belegaufgaben mit skill_key dezimal_add_sub sind reine Rechenaufgaben („Operieren“). Diese Aufgabe ist eine Sachaufgabe — ob „Modellieren“ dazugehört, ist eine Fachentscheidung."
6a8e9bc1-3e90-4815-b294-149aae9de23a,,tasks.est_duration_sec,,75,neu,mittel,Zeitregel: AFB I + Sachkontext.
6a8e9bc1-3e90-4815-b294-149aae9de23a,,tasks.curriculum_grade,,6,neu,hoch,Wie alle 8 Aufgaben mit skill_key dezimal_add_sub im Bestand: Stoffanker Klasse 6.
6a8e9bc1-3e90-4815-b294-149aae9de23a,,tasks.cluster_id,,e7108c9a-d19e-4021-8499-55b4f3d5d70c,neu,hoch,Wie alle 8 Aufgaben mit skill_key dezimal_add_sub im Bestand: Themengebiet „Zahl & Rechnen“.
6a8e9bc1-3e90-4815-b294-149aae9de23a,,tasks.competency_content,,arithmetik_algebra,neu,hoch,Wie alle 8 Aufgaben mit skill_key dezimal_add_sub im Bestand: Inhaltsfeld arithmetik_algebra.
6a8e9bc1-3e90-4815-b294-149aae9de23a,,tasks.needs_image,,false,neu,hoch,Aufgabentext enthält alle Angaben und verweist auf keine Abbildung.
6a8e9bc1-3e90-4815-b294-149aae9de23a,,task_solutions.solution,,"2,4 km + 1,85 km = 4,25 km.",neu,hoch,Nachgerechnet.
6a8e9bc1-3e90-4815-b294-149aae9de23a,,task_solutions.hints,,"[{""level"":1,""text"":""Überlege zuerst: Musst du addieren oder subtrahieren?""},{""level"":2,""text"":""Schreibe die Zahlen Komma unter Komma untereinander und rechne stellenweise.""}]",neu,hoch,Generiert.
6a8e9bc1-3e90-4815-b294-149aae9de23a,,task_solutions.typical_errors,,"[{""error"":""Subtrahiert statt addiert: 0,55 km."",""socratic_question"":""Werden die beiden Strecken zusammengezählt oder verglichen?""},{""error"":""Stellenwerte verrutscht: 2,04 + 1,85 = 3,89."",""socratic_question"":""Stehen die Kommas beim Untereinanderschreiben genau untereinander?""}]",neu,hoch,Aus acceptance.known_errors der Aufgabe abgeleitet.
6a8e9bc1-3e90-4815-b294-149aae9de23a,,competency_process,,,bewusst leer,,"Die 8 Belegaufgaben mit skill_key dezimal_add_sub sind reine Rechenaufgaben („Operieren“). Diese Aufgabe ist eine Sachaufgabe — ob „Modellieren“ dazugehört, ist eine Fachentscheidung."
20321d30-58db-4218-96b3-d035bca32573,,tasks.est_duration_sec,,75,neu,mittel,Zeitregel: AFB I + Sachkontext.
20321d30-58db-4218-96b3-d035bca32573,,tasks.curriculum_grade,,6,neu,hoch,Wie alle 8 Aufgaben mit skill_key dezimal_add_sub im Bestand: Stoffanker Klasse 6.
20321d30-58db-4218-96b3-d035bca32573,,tasks.cluster_id,,e7108c9a-d19e-4021-8499-55b4f3d5d70c,neu,hoch,Wie alle 8 Aufgaben mit skill_key dezimal_add_sub im Bestand: Themengebiet „Zahl & Rechnen“.
20321d30-58db-4218-96b3-d035bca32573,,tasks.competency_content,,arithmetik_algebra,neu,hoch,Wie alle 8 Aufgaben mit skill_key dezimal_add_sub im Bestand: Inhaltsfeld arithmetik_algebra.
20321d30-58db-4218-96b3-d035bca32573,,tasks.needs_image,,false,neu,hoch,Aufgabentext enthält alle Angaben und verweist auf keine Abbildung.
20321d30-58db-4218-96b3-d035bca32573,,task_solutions.solution,,"Inhalt = voll − leer = 3,2 kg − 0,85 kg = 2,35 kg.",neu,hoch,Nachgerechnet.
20321d30-58db-4218-96b3-d035bca32573,,task_solutions.hints,,"[{""level"":1,""text"":""Überlege zuerst: Musst du addieren oder subtrahieren?""},{""level"":2,""text"":""Schreibe die Zahlen Komma unter Komma untereinander und rechne stellenweise.""}]",neu,hoch,Generiert.
20321d30-58db-4218-96b3-d035bca32573,,task_solutions.typical_errors,,"[{""error"":""Stellenwerte verrutscht: 3,2 wird wie 3,02 behandelt."",""socratic_question"":""Hast du 3,2 als 3,20 geschrieben, bevor du subtrahierst?""},{""error"":""Addiert statt subtrahiert: 4,05 kg."",""socratic_question"":""Ist der Inhalt schwerer als der volle Rucksack?""}]",neu,hoch,Aus acceptance.known_errors der Aufgabe abgeleitet.
20321d30-58db-4218-96b3-d035bca32573,,competency_process,,,bewusst leer,,"Die 8 Belegaufgaben mit skill_key dezimal_add_sub sind reine Rechenaufgaben („Operieren“). Diese Aufgabe ist eine Sachaufgabe — ob „Modellieren“ dazugehört, ist eine Fachentscheidung."
fa305352-7dcc-4e25-85dd-0cc9e201fca6,,tasks.est_duration_sec,,75,neu,mittel,Zeitregel: AFB I + Sachkontext.
fa305352-7dcc-4e25-85dd-0cc9e201fca6,,tasks.curriculum_grade,,6,neu,hoch,Wie alle 6 Aufgaben mit skill_key dezimal_div im Bestand: Stoffanker Klasse 6.
fa305352-7dcc-4e25-85dd-0cc9e201fca6,,tasks.cluster_id,,e7108c9a-d19e-4021-8499-55b4f3d5d70c,neu,hoch,Wie alle 6 Aufgaben mit skill_key dezimal_div im Bestand: Themengebiet „Zahl & Rechnen“.
fa305352-7dcc-4e25-85dd-0cc9e201fca6,,tasks.competency_content,,arithmetik_algebra,neu,hoch,Wie alle 6 Aufgaben mit skill_key dezimal_div im Bestand: Inhaltsfeld arithmetik_algebra.
fa305352-7dcc-4e25-85dd-0cc9e201fca6,,tasks.needs_image,,false,neu,hoch,Aufgabentext enthält alle Angaben und verweist auf keine Abbildung.
fa305352-7dcc-4e25-85dd-0cc9e201fca6,,task_solutions.solution,,"7,5 kg : 2,5 kg = 75 : 25 = 3. Es sind 3 Eimer.",neu,hoch,Nachgerechnet.
fa305352-7dcc-4e25-85dd-0cc9e201fca6,,task_solutions.hints,,"[{""level"":1,""text"":""Wie oft passt die kleine Menge in die große Menge?""},{""level"":2,""text"":""Verschiebe bei beiden Zahlen das Komma gleich weit nach rechts, bis der Teiler eine ganze Zahl ist.""}]",neu,hoch,Generiert.
fa305352-7dcc-4e25-85dd-0cc9e201fca6,,task_solutions.typical_errors,,"[{""error"":""Komma nicht verschoben: 0,3."",""socratic_question"":""Kann es 0,3 Eimer geben, wenn 7,5 kg in 2,5-kg-Portionen geteilt werden?""},{""error"":""Division falsch herum: 2,5 : 7,5."",""socratic_question"":""Was wird durch was geteilt – die Erde durch die Eimergröße oder umgekehrt?""}]",neu,hoch,Aus acceptance.known_errors der Aufgabe abgeleitet.
fa305352-7dcc-4e25-85dd-0cc9e201fca6,,competency_process,,,bewusst leer,,"Die 6 Belegaufgaben mit skill_key dezimal_div sind reine Rechenaufgaben („Operieren“). Diese Aufgabe ist eine Sachaufgabe — ob „Modellieren“ dazugehört, ist eine Fachentscheidung."
730dae3f-afb6-49c8-baa9-53a5169a6a90,,tasks.est_duration_sec,,75,neu,mittel,Zeitregel: AFB I + Sachkontext.
730dae3f-afb6-49c8-baa9-53a5169a6a90,,tasks.curriculum_grade,,6,neu,hoch,Wie alle 6 Aufgaben mit skill_key dezimal_div im Bestand: Stoffanker Klasse 6.
730dae3f-afb6-49c8-baa9-53a5169a6a90,,tasks.cluster_id,,e7108c9a-d19e-4021-8499-55b4f3d5d70c,neu,hoch,Wie alle 6 Aufgaben mit skill_key dezimal_div im Bestand: Themengebiet „Zahl & Rechnen“.
730dae3f-afb6-49c8-baa9-53a5169a6a90,,tasks.competency_content,,arithmetik_algebra,neu,hoch,Wie alle 6 Aufgaben mit skill_key dezimal_div im Bestand: Inhaltsfeld arithmetik_algebra.
730dae3f-afb6-49c8-baa9-53a5169a6a90,,tasks.needs_image,,false,neu,hoch,Aufgabentext enthält alle Angaben und verweist auf keine Abbildung.
730dae3f-afb6-49c8-baa9-53a5169a6a90,,task_solutions.solution,,"1,5 l : 0,25 l = 150 : 25 = 6. Es sind 6 Gläser.",neu,hoch,Nachgerechnet.
730dae3f-afb6-49c8-baa9-53a5169a6a90,,task_solutions.hints,,"[{""level"":1,""text"":""Wie oft passt die kleine Menge in die große Menge?""},{""level"":2,""text"":""Verschiebe bei beiden Zahlen das Komma gleich weit nach rechts, bis der Teiler eine ganze Zahl ist.""}]",neu,hoch,Generiert.
730dae3f-afb6-49c8-baa9-53a5169a6a90,,task_solutions.typical_errors,,"[{""error"":""Komma nicht verschoben: 0,6."",""socratic_question"":""Passen in 1,5 l weniger als ein Glas zu 0,25 l?""},{""error"":""Division falsch herum: 0,25 : 1,5."",""socratic_question"":""Was wird durch was geteilt – die Saftmenge durch die Glasgröße oder umgekehrt?""}]",neu,hoch,Aus acceptance.known_errors der Aufgabe abgeleitet.
730dae3f-afb6-49c8-baa9-53a5169a6a90,,competency_process,,,bewusst leer,,"Die 6 Belegaufgaben mit skill_key dezimal_div sind reine Rechenaufgaben („Operieren“). Diese Aufgabe ist eine Sachaufgabe — ob „Modellieren“ dazugehört, ist eine Fachentscheidung."
1debff4f-af14-4dec-89a8-4344d6966fb0,,tasks.est_duration_sec,,75,neu,mittel,Zeitregel: AFB I + Sachkontext.
1debff4f-af14-4dec-89a8-4344d6966fb0,,tasks.curriculum_grade,,6,neu,hoch,Wie alle 6 Aufgaben mit skill_key dezimal_div im Bestand: Stoffanker Klasse 6.
1debff4f-af14-4dec-89a8-4344d6966fb0,,tasks.cluster_id,,e7108c9a-d19e-4021-8499-55b4f3d5d70c,neu,hoch,Wie alle 6 Aufgaben mit skill_key dezimal_div im Bestand: Themengebiet „Zahl & Rechnen“.
1debff4f-af14-4dec-89a8-4344d6966fb0,,tasks.competency_content,,arithmetik_algebra,neu,hoch,Wie alle 6 Aufgaben mit skill_key dezimal_div im Bestand: Inhaltsfeld arithmetik_algebra.
1debff4f-af14-4dec-89a8-4344d6966fb0,,tasks.needs_image,,false,neu,hoch,Aufgabentext enthält alle Angaben und verweist auf keine Abbildung.
1debff4f-af14-4dec-89a8-4344d6966fb0,,task_solutions.solution,,"4,8 m : 0,6 m = 48 : 6 = 8. Es sind 8 Stücke.",neu,hoch,Nachgerechnet.
1debff4f-af14-4dec-89a8-4344d6966fb0,,task_solutions.hints,,"[{""level"":1,""text"":""Wie oft passt die kleine Menge in die große Menge?""},{""level"":2,""text"":""Verschiebe bei beiden Zahlen das Komma gleich weit nach rechts, bis der Teiler eine ganze Zahl ist.""}]",neu,hoch,Generiert.
1debff4f-af14-4dec-89a8-4344d6966fb0,,task_solutions.typical_errors,,"[{""error"":""Komma nicht verschoben: 0,8."",""socratic_question"":""Kann eine 4,8 m lange Schnur weniger als ein Stück von 0,6 m ergeben?""},{""error"":""Division falsch herum: 0,6 : 4,8."",""socratic_question"":""Was wird durch was geteilt – die Schnurlänge durch die Stücklänge oder umgekehrt?""}]",neu,hoch,Aus acceptance.known_errors der Aufgabe abgeleitet.
1debff4f-af14-4dec-89a8-4344d6966fb0,,competency_process,,,bewusst leer,,"Die 6 Belegaufgaben mit skill_key dezimal_div sind reine Rechenaufgaben („Operieren“). Diese Aufgabe ist eine Sachaufgabe — ob „Modellieren“ dazugehört, ist eine Fachentscheidung."
98441ffc-3708-44cc-b8fc-d626f2819561,,tasks.est_duration_sec,,75,neu,mittel,Zeitregel: AFB I + Sachkontext.
98441ffc-3708-44cc-b8fc-d626f2819561,,tasks.curriculum_grade,,6,neu,hoch,Wie alle 6 Aufgaben mit skill_key dezimal_mult im Bestand: Stoffanker Klasse 6.
98441ffc-3708-44cc-b8fc-d626f2819561,,tasks.cluster_id,,e7108c9a-d19e-4021-8499-55b4f3d5d70c,neu,hoch,Wie alle 6 Aufgaben mit skill_key dezimal_mult im Bestand: Themengebiet „Zahl & Rechnen“.
98441ffc-3708-44cc-b8fc-d626f2819561,,tasks.competency_content,,arithmetik_algebra,neu,hoch,Wie alle 6 Aufgaben mit skill_key dezimal_mult im Bestand: Inhaltsfeld arithmetik_algebra.
98441ffc-3708-44cc-b8fc-d626f2819561,,tasks.needs_image,,false,neu,hoch,Aufgabentext enthält alle Angaben und verweist auf keine Abbildung.
98441ffc-3708-44cc-b8fc-d626f2819561,,task_solutions.solution,,"A = 0,3 m · 0,4 m = 0,12 m² (3 · 4 = 12, zwei Nachkommastellen).",neu,hoch,Nachgerechnet.
98441ffc-3708-44cc-b8fc-d626f2819561,,task_solutions.hints,,"[{""level"":1,""text"":""Welche Rechenart brauchst du hier?""},{""level"":2,""text"":""Rechne zuerst ohne Komma und setze dann so viele Nachkommastellen, wie beide Faktoren zusammen haben.""}]",neu,hoch,Generiert.
98441ffc-3708-44cc-b8fc-d626f2819561,,task_solutions.typical_errors,,"[{""error"":""Komma ignoriert: 12 m²."",""socratic_question"":""Kann eine kleine Fliese 12 m² groß sein?""},{""error"":""Zu wenige Nachkommastellen: 1,2 m²."",""socratic_question"":""Wie viele Nachkommastellen haben beide Faktoren zusammen?""},{""error"":""Zu viele Nachkommastellen: 0,012 m²."",""socratic_question"":""Wie viele Nachkommastellen haben beide Faktoren zusammen?""}]",neu,hoch,Aus acceptance.known_errors der Aufgabe abgeleitet.
98441ffc-3708-44cc-b8fc-d626f2819561,,competency_process,,,bewusst leer,,"Die 6 Belegaufgaben mit skill_key dezimal_mult sind reine Rechenaufgaben („Operieren“). Diese Aufgabe ist eine Sachaufgabe — ob „Modellieren“ dazugehört, ist eine Fachentscheidung."
21f1c9f4-2ef0-445d-937b-73c7c5d0d606,,tasks.est_duration_sec,,75,neu,mittel,Zeitregel: AFB I + Sachkontext.
21f1c9f4-2ef0-445d-937b-73c7c5d0d606,,tasks.curriculum_grade,,6,neu,hoch,Wie alle 6 Aufgaben mit skill_key dezimal_mult im Bestand: Stoffanker Klasse 6.
21f1c9f4-2ef0-445d-937b-73c7c5d0d606,,tasks.cluster_id,,e7108c9a-d19e-4021-8499-55b4f3d5d70c,neu,hoch,Wie alle 6 Aufgaben mit skill_key dezimal_mult im Bestand: Themengebiet „Zahl & Rechnen“.
21f1c9f4-2ef0-445d-937b-73c7c5d0d606,,tasks.competency_content,,arithmetik_algebra,neu,hoch,Wie alle 6 Aufgaben mit skill_key dezimal_mult im Bestand: Inhaltsfeld arithmetik_algebra.
21f1c9f4-2ef0-445d-937b-73c7c5d0d606,,tasks.needs_image,,false,neu,hoch,Aufgabentext enthält alle Angaben und verweist auf keine Abbildung.
21f1c9f4-2ef0-445d-937b-73c7c5d0d606,,task_solutions.solution,,"0,25 l · 12 = 3 l.",neu,hoch,Nachgerechnet.
21f1c9f4-2ef0-445d-937b-73c7c5d0d606,,task_solutions.hints,,"[{""level"":1,""text"":""Welche Rechenart brauchst du hier?""},{""level"":2,""text"":""Rechne zuerst ohne Komma und setze dann so viele Nachkommastellen, wie beide Faktoren zusammen haben.""}]",neu,hoch,Generiert.
21f1c9f4-2ef0-445d-937b-73c7c5d0d606,,task_solutions.typical_errors,,"[{""error"":""Komma ignoriert: 30 l."",""socratic_question"":""Kann ein Hahn in 12 Sekunden 30 Liter geben, wenn es pro Sekunde nur ein Viertelliter ist?""},{""error"":""Zu viele Nachkommastellen: 0,3 l."",""socratic_question"":""Wie viele Nachkommastellen hat 0,25 – und wie viele das Ergebnis?""}]",neu,hoch,Aus acceptance.known_errors der Aufgabe abgeleitet.
21f1c9f4-2ef0-445d-937b-73c7c5d0d606,,competency_process,,,bewusst leer,,"Die 6 Belegaufgaben mit skill_key dezimal_mult sind reine Rechenaufgaben („Operieren“). Diese Aufgabe ist eine Sachaufgabe — ob „Modellieren“ dazugehört, ist eine Fachentscheidung."
79257c4c-7c60-428f-9bb9-f21615cab7d9,,tasks.est_duration_sec,,90,neu,mittel,Zeitregel: AFB II + Sachkontext.
79257c4c-7c60-428f-9bb9-f21615cab7d9,,tasks.curriculum_grade,,7,neu,hoch,Wie alle 8 Aufgaben mit skill_key geo_massstab im Bestand: Stoffanker Klasse 7.
79257c4c-7c60-428f-9bb9-f21615cab7d9,,tasks.cluster_id,,3156b22e-ad3b-46c8-8c76-4155176cc52a,neu,hoch,Wie alle 8 Aufgaben mit skill_key geo_massstab im Bestand: Themengebiet „Geometrie & Messen“.
79257c4c-7c60-428f-9bb9-f21615cab7d9,,tasks.competency_content,,geometrie,neu,hoch,Wie alle 8 Aufgaben mit skill_key geo_massstab im Bestand: Inhaltsfeld geometrie.
79257c4c-7c60-428f-9bb9-f21615cab7d9,,tasks.needs_image,,false,neu,hoch,Aufgabentext enthält alle Angaben und verweist auf keine Abbildung.
79257c4c-7c60-428f-9bb9-f21615cab7d9,,task_solutions.solution,,4 cm · 100 = 400 cm = 4 m.,neu,hoch,Nachgerechnet.
79257c4c-7c60-428f-9bb9-f21615cab7d9,,task_solutions.hints,,"[{""level"":1,""text"":""Was bedeutet der Maßstab für einen Zentimeter auf dem Plan?""},{""level"":2,""text"":""Multipliziere die Länge auf dem Plan mit der Maßstabszahl und rechne danach in die gefragte Einheit um.""}]",neu,hoch,Generiert.
79257c4c-7c60-428f-9bb9-f21615cab7d9,,task_solutions.typical_errors,,"[{""error"":""Faktor zehn daneben: 40 m."",""socratic_question"":""Wie viele Zentimeter sind ein Meter?""},{""error"":""Einheit nicht umgerechnet: 400 (cm statt m)."",""socratic_question"":""In welcher Einheit ist die Antwort gefragt?""},{""error"":""Richtung vertauscht: 0,04 m."",""socratic_question"":""Ist die echte Wand länger oder kürzer als auf dem Plan?""}]",neu,hoch,Aus acceptance.known_errors der Aufgabe abgeleitet.
79257c4c-7c60-428f-9bb9-f21615cab7d9,,competency_process,,,bewusst leer,,"Die 8 Belegaufgaben mit skill_key geo_massstab sind reine Rechenaufgaben („Operieren“). Diese Aufgabe ist eine Sachaufgabe — ob „Modellieren“ dazugehört, ist eine Fachentscheidung."
e8f2d67d-f108-4a67-931a-3895b95f0ec1,,tasks.est_duration_sec,,90,neu,mittel,Zeitregel: AFB II + Sachkontext.
e8f2d67d-f108-4a67-931a-3895b95f0ec1,,tasks.curriculum_grade,,7,neu,hoch,Wie alle 8 Aufgaben mit skill_key geo_massstab im Bestand: Stoffanker Klasse 7.
e8f2d67d-f108-4a67-931a-3895b95f0ec1,,tasks.cluster_id,,3156b22e-ad3b-46c8-8c76-4155176cc52a,neu,hoch,Wie alle 8 Aufgaben mit skill_key geo_massstab im Bestand: Themengebiet „Geometrie & Messen“.
e8f2d67d-f108-4a67-931a-3895b95f0ec1,,tasks.competency_content,,geometrie,neu,hoch,Wie alle 8 Aufgaben mit skill_key geo_massstab im Bestand: Inhaltsfeld geometrie.
e8f2d67d-f108-4a67-931a-3895b95f0ec1,,tasks.needs_image,,false,neu,hoch,Aufgabentext enthält alle Angaben und verweist auf keine Abbildung.
e8f2d67d-f108-4a67-931a-3895b95f0ec1,,task_solutions.solution,,18 cm · 200 = 3600 cm = 36 m.,neu,hoch,Nachgerechnet.
e8f2d67d-f108-4a67-931a-3895b95f0ec1,,task_solutions.hints,,"[{""level"":1,""text"":""Was bedeutet der Maßstab für einen Zentimeter auf dem Plan?""},{""level"":2,""text"":""Multipliziere die Länge auf dem Plan mit der Maßstabszahl und rechne danach in die gefragte Einheit um.""}]",neu,hoch,Generiert.
e8f2d67d-f108-4a67-931a-3895b95f0ec1,,task_solutions.typical_errors,,"[{""error"":""Faktor zehn daneben: 360 m."",""socratic_question"":""Wie viele Zentimeter sind ein Meter?""},{""error"":""Einheit nicht umgerechnet: 3600 (cm statt m)."",""socratic_question"":""In welcher Einheit ist die Antwort gefragt?""},{""error"":""Richtung vertauscht: 0,09 m."",""socratic_question"":""Ist der echte Weg länger oder kürzer als auf dem Plan?""}]",neu,hoch,Aus acceptance.known_errors der Aufgabe abgeleitet.
e8f2d67d-f108-4a67-931a-3895b95f0ec1,,competency_process,,,bewusst leer,,"Die 8 Belegaufgaben mit skill_key geo_massstab sind reine Rechenaufgaben („Operieren“). Diese Aufgabe ist eine Sachaufgabe — ob „Modellieren“ dazugehört, ist eine Fachentscheidung."
dc8b74f5-412a-4d56-9a08-76585e16c696,,tasks.est_duration_sec,,90,neu,mittel,Zeitregel: AFB II + Sachkontext.
dc8b74f5-412a-4d56-9a08-76585e16c696,,tasks.curriculum_grade,,7,neu,hoch,Wie alle 8 Aufgaben mit skill_key geo_massstab im Bestand: Stoffanker Klasse 7.
dc8b74f5-412a-4d56-9a08-76585e16c696,,tasks.cluster_id,,3156b22e-ad3b-46c8-8c76-4155176cc52a,neu,hoch,Wie alle 8 Aufgaben mit skill_key geo_massstab im Bestand: Themengebiet „Geometrie & Messen“.
dc8b74f5-412a-4d56-9a08-76585e16c696,,tasks.competency_content,,geometrie,neu,hoch,Wie alle 8 Aufgaben mit skill_key geo_massstab im Bestand: Inhaltsfeld geometrie.
dc8b74f5-412a-4d56-9a08-76585e16c696,,tasks.needs_image,,false,neu,hoch,Aufgabentext enthält alle Angaben und verweist auf keine Abbildung.
dc8b74f5-412a-4d56-9a08-76585e16c696,,task_solutions.solution,,"9 cm · 50000 = 450000 cm = 4500 m = 4,5 km.",neu,hoch,Nachgerechnet.
dc8b74f5-412a-4d56-9a08-76585e16c696,,task_solutions.hints,,"[{""level"":1,""text"":""Was bedeutet der Maßstab für einen Zentimeter auf dem Plan?""},{""level"":2,""text"":""Multipliziere die Länge auf dem Plan mit der Maßstabszahl und rechne danach in die gefragte Einheit um.""}]",neu,hoch,Generiert.
dc8b74f5-412a-4d56-9a08-76585e16c696,,task_solutions.typical_errors,,"[{""error"":""Faktor zehn daneben: 45 km."",""socratic_question"":""Wie viele Zentimeter hat ein Kilometer?""},{""error"":""Einheit nicht umgerechnet: 450000 (cm statt km)."",""socratic_question"":""In welcher Einheit ist die Antwort gefragt?""}]",neu,hoch,Aus acceptance.known_errors der Aufgabe abgeleitet.
dc8b74f5-412a-4d56-9a08-76585e16c696,,competency_process,,,bewusst leer,,"Die 8 Belegaufgaben mit skill_key geo_massstab sind reine Rechenaufgaben („Operieren“). Diese Aufgabe ist eine Sachaufgabe — ob „Modellieren“ dazugehört, ist eine Fachentscheidung."
6a754e96-8b51-4419-ba50-7f592548cd1f,,tasks.est_duration_sec,,90,neu,mittel,Zeitregel: AFB II + Sachkontext.
6a754e96-8b51-4419-ba50-7f592548cd1f,,tasks.curriculum_grade,,7,neu,hoch,Wie alle 8 Aufgaben mit skill_key groessen_flaechen im Bestand: Stoffanker Klasse 7.
6a754e96-8b51-4419-ba50-7f592548cd1f,,tasks.cluster_id,,e7108c9a-d19e-4021-8499-55b4f3d5d70c,neu,hoch,Wie alle 8 Aufgaben mit skill_key groessen_flaechen im Bestand: Themengebiet „Zahl & Rechnen“.
6a754e96-8b51-4419-ba50-7f592548cd1f,,tasks.competency_content,,arithmetik_algebra,neu,hoch,Wie alle 8 Aufgaben mit skill_key groessen_flaechen im Bestand: Inhaltsfeld arithmetik_algebra.
6a754e96-8b51-4419-ba50-7f592548cd1f,,tasks.needs_image,,false,neu,hoch,Aufgabentext enthält alle Angaben und verweist auf keine Abbildung.
6a754e96-8b51-4419-ba50-7f592548cd1f,,task_solutions.solution,,"1 dm² = 100 cm². 350 cm² : 100 = 3,5 dm².",neu,hoch,Nachgerechnet.
6a754e96-8b51-4419-ba50-7f592548cd1f,,task_solutions.hints,,"[{""level"":1,""text"":""Wie groß ist die Umrechnungszahl zwischen benachbarten Flächeneinheiten?""},{""level"":2,""text"":""Bei Flächeneinheiten ist die Umrechnungszahl 100 (bei Hektar und Quadratmeter 10000).""}]",neu,hoch,Generiert.
6a754e96-8b51-4419-ba50-7f592548cd1f,,task_solutions.typical_errors,,"[{""error"":""Wie bei Längen durch 10 geteilt: 35."",""socratic_question"":""Wie viele cm² passen in ein Quadrat mit 1 dm Seitenlänge?""},{""error"":""Nicht umgerechnet: 350."",""socratic_question"":""Ist ein dm² größer oder kleiner als ein cm²?""},{""error"":""Richtung vertauscht: 35000."",""socratic_question"":""Werden es beim Umrechnen in die größere Einheit mehr oder weniger?""}]",neu,hoch,Aus acceptance.known_errors der Aufgabe abgeleitet.
6a754e96-8b51-4419-ba50-7f592548cd1f,,competency_process,,,bewusst leer,,"Die 8 Belegaufgaben mit skill_key groessen_flaechen sind reine Rechenaufgaben („Operieren“). Diese Aufgabe ist eine Sachaufgabe — ob „Modellieren“ dazugehört, ist eine Fachentscheidung."
f506449e-47b5-41b6-9b64-b0c1aab3ffc8,,tasks.est_duration_sec,,90,neu,mittel,Zeitregel: AFB II + Sachkontext.
f506449e-47b5-41b6-9b64-b0c1aab3ffc8,,tasks.curriculum_grade,,7,neu,hoch,Wie alle 8 Aufgaben mit skill_key groessen_flaechen im Bestand: Stoffanker Klasse 7.
f506449e-47b5-41b6-9b64-b0c1aab3ffc8,,tasks.cluster_id,,e7108c9a-d19e-4021-8499-55b4f3d5d70c,neu,hoch,Wie alle 8 Aufgaben mit skill_key groessen_flaechen im Bestand: Themengebiet „Zahl & Rechnen“.
f506449e-47b5-41b6-9b64-b0c1aab3ffc8,,tasks.competency_content,,arithmetik_algebra,neu,hoch,Wie alle 8 Aufgaben mit skill_key groessen_flaechen im Bestand: Inhaltsfeld arithmetik_algebra.
f506449e-47b5-41b6-9b64-b0c1aab3ffc8,,tasks.needs_image,,false,neu,hoch,Aufgabentext enthält alle Angaben und verweist auf keine Abbildung.
f506449e-47b5-41b6-9b64-b0c1aab3ffc8,,task_solutions.solution,,1 m² = 100 dm². 5 m² · 100 = 500 dm².,neu,hoch,Nachgerechnet.
f506449e-47b5-41b6-9b64-b0c1aab3ffc8,,task_solutions.hints,,"[{""level"":1,""text"":""Wie groß ist die Umrechnungszahl zwischen benachbarten Flächeneinheiten?""},{""level"":2,""text"":""Bei Flächeneinheiten ist die Umrechnungszahl 100 (bei Hektar und Quadratmeter 10000).""}]",neu,hoch,Generiert.
f506449e-47b5-41b6-9b64-b0c1aab3ffc8,,task_solutions.typical_errors,,"[{""error"":""Nicht umgerechnet: 5."",""socratic_question"":""Ist ein dm² größer oder kleiner als ein m²?""},{""error"":""Wie bei Längen mit 10 multipliziert: 50."",""socratic_question"":""Wie viele dm² passen in ein Quadrat mit 1 m Seitenlänge?""},{""error"":""Richtung vertauscht: 0,05."",""socratic_question"":""Werden es beim Umrechnen in die kleinere Einheit mehr oder weniger?""}]",neu,hoch,Aus acceptance.known_errors der Aufgabe abgeleitet.
f506449e-47b5-41b6-9b64-b0c1aab3ffc8,,competency_process,,,bewusst leer,,"Die 8 Belegaufgaben mit skill_key groessen_flaechen sind reine Rechenaufgaben („Operieren“). Diese Aufgabe ist eine Sachaufgabe — ob „Modellieren“ dazugehört, ist eine Fachentscheidung."
6724df5d-a2a0-49e8-bd07-f9ad6dda5fad,,tasks.est_duration_sec,,90,neu,mittel,Zeitregel: AFB II + Sachkontext.
6724df5d-a2a0-49e8-bd07-f9ad6dda5fad,,tasks.curriculum_grade,,7,neu,hoch,Wie alle 8 Aufgaben mit skill_key groessen_flaechen im Bestand: Stoffanker Klasse 7.
6724df5d-a2a0-49e8-bd07-f9ad6dda5fad,,tasks.cluster_id,,e7108c9a-d19e-4021-8499-55b4f3d5d70c,neu,hoch,Wie alle 8 Aufgaben mit skill_key groessen_flaechen im Bestand: Themengebiet „Zahl & Rechnen“.
6724df5d-a2a0-49e8-bd07-f9ad6dda5fad,,tasks.competency_content,,arithmetik_algebra,neu,hoch,Wie alle 8 Aufgaben mit skill_key groessen_flaechen im Bestand: Inhaltsfeld arithmetik_algebra.
6724df5d-a2a0-49e8-bd07-f9ad6dda5fad,,tasks.needs_image,,false,neu,hoch,Aufgabentext enthält alle Angaben und verweist auf keine Abbildung.
6724df5d-a2a0-49e8-bd07-f9ad6dda5fad,,task_solutions.solution,,1 ha = 10000 m². 20000 m² : 10000 = 2 ha.,neu,hoch,Nachgerechnet.
6724df5d-a2a0-49e8-bd07-f9ad6dda5fad,,task_solutions.hints,,"[{""level"":1,""text"":""Wie groß ist die Umrechnungszahl zwischen benachbarten Flächeneinheiten?""},{""level"":2,""text"":""Bei Flächeneinheiten ist die Umrechnungszahl 100 (bei Hektar und Quadratmeter 10000).""}]",neu,hoch,Generiert.
6724df5d-a2a0-49e8-bd07-f9ad6dda5fad,,task_solutions.typical_errors,,"[{""error"":""Mit dem Faktor 1000 gerechnet: 20."",""socratic_question"":""Wie viele m² hat ein Hektar (ein Quadrat mit 100 m Seitenlänge)?""},{""error"":""Mit dem Faktor 100 gerechnet: 200."",""socratic_question"":""Wie viele m² hat ein Hektar (ein Quadrat mit 100 m Seitenlänge)?""}]",neu,hoch,Aus acceptance.known_errors der Aufgabe abgeleitet.
6724df5d-a2a0-49e8-bd07-f9ad6dda5fad,,competency_process,,,bewusst leer,,"Die 8 Belegaufgaben mit skill_key groessen_flaechen sind reine Rechenaufgaben („Operieren“). Diese Aufgabe ist eine Sachaufgabe — ob „Modellieren“ dazugehört, ist eine Fachentscheidung."
44d309ea-0568-44f9-b880-ba9bf0d21a03,,tasks.est_duration_sec,,90,neu,mittel,Zeitregel: AFB II + Sachkontext.
44d309ea-0568-44f9-b880-ba9bf0d21a03,,tasks.curriculum_grade,,7,neu,hoch,Wie alle 8 Aufgaben mit skill_key groessen_gemischt im Bestand: Stoffanker Klasse 7.
44d309ea-0568-44f9-b880-ba9bf0d21a03,,tasks.cluster_id,,e7108c9a-d19e-4021-8499-55b4f3d5d70c,neu,hoch,Wie alle 8 Aufgaben mit skill_key groessen_gemischt im Bestand: Themengebiet „Zahl & Rechnen“.
44d309ea-0568-44f9-b880-ba9bf0d21a03,,tasks.competency_content,,arithmetik_algebra,neu,hoch,Wie alle 8 Aufgaben mit skill_key groessen_gemischt im Bestand: Inhaltsfeld arithmetik_algebra.
44d309ea-0568-44f9-b880-ba9bf0d21a03,,tasks.needs_image,,false,neu,hoch,Aufgabentext enthält alle Angaben und verweist auf keine Abbildung.
44d309ea-0568-44f9-b880-ba9bf0d21a03,,task_solutions.solution,,"1 m = 100 cm. 2,06 m · 100 = 206 cm.",neu,hoch,Nachgerechnet.
44d309ea-0568-44f9-b880-ba9bf0d21a03,,task_solutions.hints,,"[{""level"":1,""text"":""In welche Einheit soll umgerechnet werden – ist sie größer oder kleiner?""},{""level"":2,""text"":""Multipliziere mit der passenden Umrechnungszahl. Bei Zeit ist sie 60, nicht 100.""}]",neu,hoch,Generiert.
44d309ea-0568-44f9-b880-ba9bf0d21a03,,task_solutions.typical_errors,,"[{""error"":""Komma als Trenner gelesen: 2 m und 6 cm = 26 cm."",""socratic_question"":""Wie viele Zentimeter sind 2 Meter allein?""},{""error"":""Führende Null übersehen: 260 cm."",""socratic_question"":""Steht die 6 an der Zehntel- oder an der Hundertstelstelle?""}]",neu,hoch,Aus acceptance.known_errors der Aufgabe abgeleitet.
44d309ea-0568-44f9-b880-ba9bf0d21a03,,competency_process,,,bewusst leer,,"Die 8 Belegaufgaben mit skill_key groessen_gemischt sind reine Rechenaufgaben („Operieren“). Diese Aufgabe ist eine Sachaufgabe — ob „Modellieren“ dazugehört, ist eine Fachentscheidung."
86ce67c0-5d2c-42ec-990a-626f5a109ba0,,tasks.est_duration_sec,,90,neu,mittel,Zeitregel: AFB II + Sachkontext.
86ce67c0-5d2c-42ec-990a-626f5a109ba0,,tasks.curriculum_grade,,7,neu,hoch,Wie alle 8 Aufgaben mit skill_key groessen_gemischt im Bestand: Stoffanker Klasse 7.
86ce67c0-5d2c-42ec-990a-626f5a109ba0,,tasks.cluster_id,,e7108c9a-d19e-4021-8499-55b4f3d5d70c,neu,hoch,Wie alle 8 Aufgaben mit skill_key groessen_gemischt im Bestand: Themengebiet „Zahl & Rechnen“.
86ce67c0-5d2c-42ec-990a-626f5a109ba0,,tasks.competency_content,,arithmetik_algebra,neu,hoch,Wie alle 8 Aufgaben mit skill_key groessen_gemischt im Bestand: Inhaltsfeld arithmetik_algebra.
86ce67c0-5d2c-42ec-990a-626f5a109ba0,,tasks.needs_image,,false,neu,hoch,Aufgabentext enthält alle Angaben und verweist auf keine Abbildung.
86ce67c0-5d2c-42ec-990a-626f5a109ba0,,task_solutions.solution,,"1 kg = 1000 g. 1,04 kg · 1000 = 1040 g.",neu,hoch,Nachgerechnet.
86ce67c0-5d2c-42ec-990a-626f5a109ba0,,task_solutions.hints,,"[{""level"":1,""text"":""In welche Einheit soll umgerechnet werden – ist sie größer oder kleiner?""},{""level"":2,""text"":""Multipliziere mit der passenden Umrechnungszahl. Bei Zeit ist sie 60, nicht 100.""}]",neu,hoch,Generiert.
86ce67c0-5d2c-42ec-990a-626f5a109ba0,,task_solutions.typical_errors,,"[{""error"":""Komma als Trenner gelesen: 104 g."",""socratic_question"":""Wie viele Gramm ist allein ein Kilogramm?""},{""error"":""Führende Null übersehen: 1400 g."",""socratic_question"":""Steht die 4 an der Zehntel- oder an der Hundertstelstelle?""}]",neu,hoch,Aus acceptance.known_errors der Aufgabe abgeleitet.
86ce67c0-5d2c-42ec-990a-626f5a109ba0,,competency_process,,,bewusst leer,,"Die 8 Belegaufgaben mit skill_key groessen_gemischt sind reine Rechenaufgaben („Operieren“). Diese Aufgabe ist eine Sachaufgabe — ob „Modellieren“ dazugehört, ist eine Fachentscheidung."
3fae8854-80f2-4b2b-a5f0-9df01c0ded47,,tasks.est_duration_sec,,90,neu,mittel,Zeitregel: AFB II + Sachkontext.
3fae8854-80f2-4b2b-a5f0-9df01c0ded47,,tasks.curriculum_grade,,7,neu,hoch,Wie alle 8 Aufgaben mit skill_key groessen_gemischt im Bestand: Stoffanker Klasse 7.
3fae8854-80f2-4b2b-a5f0-9df01c0ded47,,tasks.cluster_id,,e7108c9a-d19e-4021-8499-55b4f3d5d70c,neu,hoch,Wie alle 8 Aufgaben mit skill_key groessen_gemischt im Bestand: Themengebiet „Zahl & Rechnen“.
3fae8854-80f2-4b2b-a5f0-9df01c0ded47,,tasks.competency_content,,arithmetik_algebra,neu,hoch,Wie alle 8 Aufgaben mit skill_key groessen_gemischt im Bestand: Inhaltsfeld arithmetik_algebra.
3fae8854-80f2-4b2b-a5f0-9df01c0ded47,,tasks.needs_image,,false,neu,hoch,Aufgabentext enthält alle Angaben und verweist auf keine Abbildung.
3fae8854-80f2-4b2b-a5f0-9df01c0ded47,,task_solutions.solution,,"1 h = 60 min. 3,25 h · 60 = 195 min (3 h = 180 min, 0,25 h = 15 min).",neu,hoch,Nachgerechnet.
3fae8854-80f2-4b2b-a5f0-9df01c0ded47,,task_solutions.hints,,"[{""level"":1,""text"":""In welche Einheit soll umgerechnet werden – ist sie größer oder kleiner?""},{""level"":2,""text"":""Multipliziere mit der passenden Umrechnungszahl. Bei Zeit ist sie 60, nicht 100.""}]",neu,hoch,Generiert.
3fae8854-80f2-4b2b-a5f0-9df01c0ded47,,task_solutions.typical_errors,,"[{""error"":""Als ob eine Stunde 100 Minuten hätte: 3 h 25 min = 205 min."",""socratic_question"":""Wie viele Minuten sind eine Viertelstunde?""},{""error"":""Komma als Trenner gelesen: 325 min."",""socratic_question"":""Wie viele Minuten haben allein 3 Stunden?""}]",neu,hoch,Aus acceptance.known_errors der Aufgabe abgeleitet.
3fae8854-80f2-4b2b-a5f0-9df01c0ded47,,competency_process,,,bewusst leer,,"Die 8 Belegaufgaben mit skill_key groessen_gemischt sind reine Rechenaufgaben („Operieren“). Diese Aufgabe ist eine Sachaufgabe — ob „Modellieren“ dazugehört, ist eine Fachentscheidung."
9410a6d6-fcd2-4b81-a921-d9ea140e56a2,,tasks.est_duration_sec,,75,neu,mittel,Zeitregel: AFB I + Sachkontext.
9410a6d6-fcd2-4b81-a921-d9ea140e56a2,,tasks.curriculum_grade,,7,neu,hoch,Wie alle 6 Aufgaben mit skill_key groessen_laengen im Bestand: Stoffanker Klasse 7.
9410a6d6-fcd2-4b81-a921-d9ea140e56a2,,tasks.cluster_id,,e7108c9a-d19e-4021-8499-55b4f3d5d70c,neu,hoch,Wie alle 6 Aufgaben mit skill_key groessen_laengen im Bestand: Themengebiet „Zahl & Rechnen“.
9410a6d6-fcd2-4b81-a921-d9ea140e56a2,,tasks.competency_content,,arithmetik_algebra,neu,hoch,Wie alle 6 Aufgaben mit skill_key groessen_laengen im Bestand: Inhaltsfeld arithmetik_algebra.
9410a6d6-fcd2-4b81-a921-d9ea140e56a2,,tasks.needs_image,,false,neu,hoch,Aufgabentext enthält alle Angaben und verweist auf keine Abbildung.
9410a6d6-fcd2-4b81-a921-d9ea140e56a2,,task_solutions.solution,,"1 m = 100 cm. 145 cm : 100 = 1,45 m.",neu,hoch,Nachgerechnet.
9410a6d6-fcd2-4b81-a921-d9ea140e56a2,,task_solutions.hints,,"[{""level"":1,""text"":""Ist die gesuchte Einheit größer oder kleiner als die gegebene?""},{""level"":2,""text"":""Zwischen m und cm liegt der Faktor 100, zwischen km und m der Faktor 1000.""}]",neu,hoch,Generiert.
9410a6d6-fcd2-4b81-a921-d9ea140e56a2,,task_solutions.typical_errors,,"[{""error"":""Nicht umgerechnet: 145."",""socratic_question"":""Ist ein Meter größer oder kleiner als ein Zentimeter?""},{""error"":""Richtung vertauscht: 14500."",""socratic_question"":""Werden es beim Umrechnen in die größere Einheit mehr oder weniger?""},{""error"":""Faktor zehn daneben: 14,5 m."",""socratic_question"":""Wie viele Zentimeter hat ein Meter?""}]",neu,hoch,Aus acceptance.known_errors der Aufgabe abgeleitet.
9410a6d6-fcd2-4b81-a921-d9ea140e56a2,,competency_process,,,bewusst leer,,"Die 6 Belegaufgaben mit skill_key groessen_laengen sind reine Rechenaufgaben („Operieren“). Diese Aufgabe ist eine Sachaufgabe — ob „Modellieren“ dazugehört, ist eine Fachentscheidung."
da3e2bba-9abb-4c4e-8905-0009123662e6,,tasks.est_duration_sec,,75,neu,mittel,Zeitregel: AFB I + Sachkontext.
da3e2bba-9abb-4c4e-8905-0009123662e6,,tasks.curriculum_grade,,7,neu,hoch,Wie alle 6 Aufgaben mit skill_key groessen_laengen im Bestand: Stoffanker Klasse 7.
da3e2bba-9abb-4c4e-8905-0009123662e6,,tasks.cluster_id,,e7108c9a-d19e-4021-8499-55b4f3d5d70c,neu,hoch,Wie alle 6 Aufgaben mit skill_key groessen_laengen im Bestand: Themengebiet „Zahl & Rechnen“.
da3e2bba-9abb-4c4e-8905-0009123662e6,,tasks.competency_content,,arithmetik_algebra,neu,hoch,Wie alle 6 Aufgaben mit skill_key groessen_laengen im Bestand: Inhaltsfeld arithmetik_algebra.
da3e2bba-9abb-4c4e-8905-0009123662e6,,tasks.needs_image,,false,neu,hoch,Aufgabentext enthält alle Angaben und verweist auf keine Abbildung.
da3e2bba-9abb-4c4e-8905-0009123662e6,,task_solutions.solution,,"1 km = 1000 m. 3,5 km · 1000 = 3500 m.",neu,hoch,Nachgerechnet.
da3e2bba-9abb-4c4e-8905-0009123662e6,,task_solutions.hints,,"[{""level"":1,""text"":""Ist die gesuchte Einheit größer oder kleiner als die gegebene?""},{""level"":2,""text"":""Zwischen m und cm liegt der Faktor 100, zwischen km und m der Faktor 1000.""}]",neu,hoch,Generiert.
da3e2bba-9abb-4c4e-8905-0009123662e6,,task_solutions.typical_errors,,"[{""error"":""Mit 100 statt 1000 multipliziert: 350 m."",""socratic_question"":""Wie viele Meter hat ein Kilometer?""},{""error"":""Faktor zehn zu viel: 35000 m."",""socratic_question"":""Wie viele Meter hat ein Kilometer?""},{""error"":""Richtung vertauscht: 0,0035."",""socratic_question"":""Werden es beim Umrechnen in die kleinere Einheit mehr oder weniger?""}]",neu,hoch,Aus acceptance.known_errors der Aufgabe abgeleitet.
da3e2bba-9abb-4c4e-8905-0009123662e6,,competency_process,,,bewusst leer,,"Die 6 Belegaufgaben mit skill_key groessen_laengen sind reine Rechenaufgaben („Operieren“). Diese Aufgabe ist eine Sachaufgabe — ob „Modellieren“ dazugehört, ist eine Fachentscheidung."
0c4fe222-f558-413c-895c-0737af4f7298,,tasks.est_duration_sec,,75,neu,mittel,Zeitregel: AFB I + Sachkontext.
0c4fe222-f558-413c-895c-0737af4f7298,,tasks.curriculum_grade,,7,neu,hoch,Wie alle 6 Aufgaben mit skill_key groessen_laengen im Bestand: Stoffanker Klasse 7.
0c4fe222-f558-413c-895c-0737af4f7298,,tasks.cluster_id,,e7108c9a-d19e-4021-8499-55b4f3d5d70c,neu,hoch,Wie alle 6 Aufgaben mit skill_key groessen_laengen im Bestand: Themengebiet „Zahl & Rechnen“.
0c4fe222-f558-413c-895c-0737af4f7298,,tasks.competency_content,,arithmetik_algebra,neu,hoch,Wie alle 6 Aufgaben mit skill_key groessen_laengen im Bestand: Inhaltsfeld arithmetik_algebra.
0c4fe222-f558-413c-895c-0737af4f7298,,tasks.needs_image,,false,neu,hoch,Aufgabentext enthält alle Angaben und verweist auf keine Abbildung.
0c4fe222-f558-413c-895c-0737af4f7298,,task_solutions.solution,,"1 km = 1000 m. 1250 m : 1000 = 1,25 km.",neu,hoch,Nachgerechnet.
0c4fe222-f558-413c-895c-0737af4f7298,,task_solutions.hints,,"[{""level"":1,""text"":""Ist die gesuchte Einheit größer oder kleiner als die gegebene?""},{""level"":2,""text"":""Zwischen m und cm liegt der Faktor 100, zwischen km und m der Faktor 1000.""}]",neu,hoch,Generiert.
0c4fe222-f558-413c-895c-0737af4f7298,,task_solutions.typical_errors,,"[{""error"":""Richtung vertauscht und multipliziert."",""socratic_question"":""Ist ein Kilometer größer oder kleiner als ein Meter?""},{""error"":""Mit 100 statt 1000 geteilt: 12,5 km."",""socratic_question"":""Wie viele Meter hat ein Kilometer?""},{""error"":""Faktor zehn daneben: 0,125 km."",""socratic_question"":""Wie viele Meter hat ein Kilometer?""}]",neu,hoch,Aus acceptance.known_errors der Aufgabe abgeleitet.
0c4fe222-f558-413c-895c-0737af4f7298,,competency_process,,,bewusst leer,,"Die 6 Belegaufgaben mit skill_key groessen_laengen sind reine Rechenaufgaben („Operieren“). Diese Aufgabe ist eine Sachaufgabe — ob „Modellieren“ dazugehört, ist eine Fachentscheidung."
b15c5f86-b204-4647-b200-d4555994775d,,tasks.est_duration_sec,,75,neu,mittel,Zeitregel: AFB I + Sachkontext.
b15c5f86-b204-4647-b200-d4555994775d,,tasks.curriculum_grade,,7,neu,hoch,Wie alle 5 Aufgaben mit skill_key groessen_massen im Bestand: Stoffanker Klasse 7.
b15c5f86-b204-4647-b200-d4555994775d,,tasks.cluster_id,,e7108c9a-d19e-4021-8499-55b4f3d5d70c,neu,hoch,Wie alle 5 Aufgaben mit skill_key groessen_massen im Bestand: Themengebiet „Zahl & Rechnen“.
b15c5f86-b204-4647-b200-d4555994775d,,tasks.competency_content,,arithmetik_algebra,neu,hoch,Wie alle 5 Aufgaben mit skill_key groessen_massen im Bestand: Inhaltsfeld arithmetik_algebra.
b15c5f86-b204-4647-b200-d4555994775d,,tasks.needs_image,,false,neu,hoch,Aufgabentext enthält alle Angaben und verweist auf keine Abbildung.
b15c5f86-b204-4647-b200-d4555994775d,,task_solutions.solution,,"1 t = 1000 kg. 2,5 t · 1000 = 2500 kg.",neu,hoch,Nachgerechnet.
b15c5f86-b204-4647-b200-d4555994775d,,task_solutions.hints,,"[{""level"":1,""text"":""Ist die gesuchte Einheit größer oder kleiner als die gegebene?""},{""level"":2,""text"":""Zwischen t und kg sowie zwischen kg und g liegt jeweils der Faktor 1000.""}]",neu,hoch,Generiert.
b15c5f86-b204-4647-b200-d4555994775d,,task_solutions.typical_errors,,"[{""error"":""Mit 100 statt 1000 multipliziert: 250 kg."",""socratic_question"":""Wie viele Kilogramm hat eine Tonne?""},{""error"":""Faktor zehn zu viel: 25000 kg."",""socratic_question"":""Wie viele Kilogramm hat eine Tonne?""},{""error"":""Richtung vertauscht: 0,0025."",""socratic_question"":""Werden es beim Umrechnen in die kleinere Einheit mehr oder weniger?""}]",neu,hoch,Aus acceptance.known_errors der Aufgabe abgeleitet.
b15c5f86-b204-4647-b200-d4555994775d,,competency_process,,,bewusst leer,,"Die 5 Belegaufgaben mit skill_key groessen_massen sind reine Rechenaufgaben („Operieren“). Diese Aufgabe ist eine Sachaufgabe — ob „Modellieren“ dazugehört, ist eine Fachentscheidung."
5bfd73be-2575-46a3-a7c2-d46c6aab96d5,,tasks.est_duration_sec,,75,neu,mittel,Zeitregel: AFB I + Sachkontext.
5bfd73be-2575-46a3-a7c2-d46c6aab96d5,,tasks.curriculum_grade,,7,neu,hoch,Wie alle 5 Aufgaben mit skill_key groessen_massen im Bestand: Stoffanker Klasse 7.
5bfd73be-2575-46a3-a7c2-d46c6aab96d5,,tasks.cluster_id,,e7108c9a-d19e-4021-8499-55b4f3d5d70c,neu,hoch,Wie alle 5 Aufgaben mit skill_key groessen_massen im Bestand: Themengebiet „Zahl & Rechnen“.
5bfd73be-2575-46a3-a7c2-d46c6aab96d5,,tasks.competency_content,,arithmetik_algebra,neu,hoch,Wie alle 5 Aufgaben mit skill_key groessen_massen im Bestand: Inhaltsfeld arithmetik_algebra.
5bfd73be-2575-46a3-a7c2-d46c6aab96d5,,tasks.needs_image,,false,neu,hoch,Aufgabentext enthält alle Angaben und verweist auf keine Abbildung.
5bfd73be-2575-46a3-a7c2-d46c6aab96d5,,task_solutions.solution,,"1 kg = 1000 g. 1,5 kg · 1000 = 1500 g.",neu,hoch,Nachgerechnet.
5bfd73be-2575-46a3-a7c2-d46c6aab96d5,,task_solutions.hints,,"[{""level"":1,""text"":""Ist die gesuchte Einheit größer oder kleiner als die gegebene?""},{""level"":2,""text"":""Zwischen t und kg sowie zwischen kg und g liegt jeweils der Faktor 1000.""}]",neu,hoch,Generiert.
5bfd73be-2575-46a3-a7c2-d46c6aab96d5,,task_solutions.typical_errors,,"[{""error"":""Mit 100 statt 1000 multipliziert: 150 g."",""socratic_question"":""Wie viele Gramm hat ein Kilogramm?""},{""error"":""Faktor zehn zu viel: 15000 g."",""socratic_question"":""Wie viele Gramm hat ein Kilogramm?""},{""error"":""Richtung vertauscht: 0,0015."",""socratic_question"":""Werden es beim Umrechnen in die kleinere Einheit mehr oder weniger?""}]",neu,hoch,Aus acceptance.known_errors der Aufgabe abgeleitet.
5bfd73be-2575-46a3-a7c2-d46c6aab96d5,,competency_process,,,bewusst leer,,"Die 5 Belegaufgaben mit skill_key groessen_massen sind reine Rechenaufgaben („Operieren“). Diese Aufgabe ist eine Sachaufgabe — ob „Modellieren“ dazugehört, ist eine Fachentscheidung."
5a5b782b-f1e9-4e90-948e-e7bfa2e396af,,tasks.est_duration_sec,,75,neu,mittel,Zeitregel: AFB I + Sachkontext.
5a5b782b-f1e9-4e90-948e-e7bfa2e396af,,tasks.curriculum_grade,,7,neu,hoch,Wie alle 5 Aufgaben mit skill_key groessen_massen im Bestand: Stoffanker Klasse 7.
5a5b782b-f1e9-4e90-948e-e7bfa2e396af,,tasks.cluster_id,,e7108c9a-d19e-4021-8499-55b4f3d5d70c,neu,hoch,Wie alle 5 Aufgaben mit skill_key groessen_massen im Bestand: Themengebiet „Zahl & Rechnen“.
5a5b782b-f1e9-4e90-948e-e7bfa2e396af,,tasks.competency_content,,arithmetik_algebra,neu,hoch,Wie alle 5 Aufgaben mit skill_key groessen_massen im Bestand: Inhaltsfeld arithmetik_algebra.
5a5b782b-f1e9-4e90-948e-e7bfa2e396af,,tasks.needs_image,,false,neu,hoch,Aufgabentext enthält alle Angaben und verweist auf keine Abbildung.
5a5b782b-f1e9-4e90-948e-e7bfa2e396af,,task_solutions.solution,,"1 kg = 1000 g. 3200 g : 1000 = 3,2 kg.",neu,hoch,Nachgerechnet.
5a5b782b-f1e9-4e90-948e-e7bfa2e396af,,task_solutions.hints,,"[{""level"":1,""text"":""Ist die gesuchte Einheit größer oder kleiner als die gegebene?""},{""level"":2,""text"":""Zwischen t und kg sowie zwischen kg und g liegt jeweils der Faktor 1000.""}]",neu,hoch,Generiert.
5a5b782b-f1e9-4e90-948e-e7bfa2e396af,,task_solutions.typical_errors,,"[{""error"":""Durch 100 statt 1000 geteilt: 32 kg."",""socratic_question"":""Wie viele Gramm hat ein Kilogramm?""},{""error"":""Richtung vertauscht und multipliziert."",""socratic_question"":""Ist ein Kilogramm größer oder kleiner als ein Gramm?""},{""error"":""Faktor zehn daneben: 0,32 kg."",""socratic_question"":""Wie viele Gramm hat ein Kilogramm?""}]",neu,hoch,Aus acceptance.known_errors der Aufgabe abgeleitet.
5a5b782b-f1e9-4e90-948e-e7bfa2e396af,,competency_process,,,bewusst leer,,"Die 5 Belegaufgaben mit skill_key groessen_massen sind reine Rechenaufgaben („Operieren“). Diese Aufgabe ist eine Sachaufgabe — ob „Modellieren“ dazugehört, ist eine Fachentscheidung."
2ef7ec72-8b62-4965-a0e6-c643f103774a,,tasks.est_duration_sec,,90,neu,mittel,Zeitregel: AFB II + Sachkontext.
2ef7ec72-8b62-4965-a0e6-c643f103774a,,tasks.curriculum_grade,,7,neu,hoch,Wie alle 7 Aufgaben mit skill_key groessen_volumen im Bestand: Stoffanker Klasse 7.
2ef7ec72-8b62-4965-a0e6-c643f103774a,,tasks.cluster_id,,e7108c9a-d19e-4021-8499-55b4f3d5d70c,neu,hoch,Wie alle 7 Aufgaben mit skill_key groessen_volumen im Bestand: Themengebiet „Zahl & Rechnen“.
2ef7ec72-8b62-4965-a0e6-c643f103774a,,tasks.competency_content,,arithmetik_algebra,neu,hoch,Wie alle 7 Aufgaben mit skill_key groessen_volumen im Bestand: Inhaltsfeld arithmetik_algebra.
2ef7ec72-8b62-4965-a0e6-c643f103774a,,tasks.needs_image,,false,neu,hoch,Aufgabentext enthält alle Angaben und verweist auf keine Abbildung.
2ef7ec72-8b62-4965-a0e6-c643f103774a,,task_solutions.solution,,1 dm³ = 1 l. 45 dm³ = 45 l.,neu,hoch,Nachgerechnet.
2ef7ec72-8b62-4965-a0e6-c643f103774a,,task_solutions.hints,,"[{""level"":1,""text"":""Wie hängen Liter und Kubikdezimeter zusammen?""},{""level"":2,""text"":""1 l = 1 dm³ = 1000 cm³ und 1 l = 1000 ml.""}]",neu,hoch,Generiert.
2ef7ec72-8b62-4965-a0e6-c643f103774a,,task_solutions.typical_errors,,"[{""error"":""Liter mit Kubikzentimetern verwechselt: 45000."",""socratic_question"":""Welcher Einheit entspricht ein Liter genau?""},{""error"":""Wie bei Längen durch 10 geteilt: 4,5."",""socratic_question"":""Welcher Einheit entspricht ein Liter genau?""},{""error"":""Richtung vertauscht: 0,045."",""socratic_question"":""Welcher Einheit entspricht ein Liter genau?""}]",neu,hoch,Aus acceptance.known_errors der Aufgabe abgeleitet.
2ef7ec72-8b62-4965-a0e6-c643f103774a,,competency_process,,,bewusst leer,,"Die 7 Belegaufgaben mit skill_key groessen_volumen sind reine Rechenaufgaben („Operieren“). Diese Aufgabe ist eine Sachaufgabe — ob „Modellieren“ dazugehört, ist eine Fachentscheidung."
2d4e013d-08e1-4740-8bfb-55d9d02864d2,,tasks.est_duration_sec,,90,neu,mittel,Zeitregel: AFB II + Sachkontext.
2d4e013d-08e1-4740-8bfb-55d9d02864d2,,tasks.curriculum_grade,,7,neu,hoch,Wie alle 7 Aufgaben mit skill_key groessen_volumen im Bestand: Stoffanker Klasse 7.
2d4e013d-08e1-4740-8bfb-55d9d02864d2,,tasks.cluster_id,,e7108c9a-d19e-4021-8499-55b4f3d5d70c,neu,hoch,Wie alle 7 Aufgaben mit skill_key groessen_volumen im Bestand: Themengebiet „Zahl & Rechnen“.
2d4e013d-08e1-4740-8bfb-55d9d02864d2,,tasks.competency_content,,arithmetik_algebra,neu,hoch,Wie alle 7 Aufgaben mit skill_key groessen_volumen im Bestand: Inhaltsfeld arithmetik_algebra.
2d4e013d-08e1-4740-8bfb-55d9d02864d2,,tasks.needs_image,,false,neu,hoch,Aufgabentext enthält alle Angaben und verweist auf keine Abbildung.
2d4e013d-08e1-4740-8bfb-55d9d02864d2,,task_solutions.solution,,"1 l = 1 dm³ = 1000 cm³. 2,5 l · 1000 = 2500 cm³.",neu,hoch,Nachgerechnet.
2d4e013d-08e1-4740-8bfb-55d9d02864d2,,task_solutions.hints,,"[{""level"":1,""text"":""Wie hängen Liter und Kubikdezimeter zusammen?""},{""level"":2,""text"":""1 l = 1 dm³ = 1000 cm³ und 1 l = 1000 ml.""}]",neu,hoch,Generiert.
2d4e013d-08e1-4740-8bfb-55d9d02864d2,,task_solutions.typical_errors,,"[{""error"":""Mit 100 statt 1000 multipliziert: 250 cm³."",""socratic_question"":""Wie viele cm³ hat ein dm³?""},{""error"":""Liter und Kubikzentimeter gleichgesetzt: 2,5."",""socratic_question"":""Ist ein Liter so groß wie ein Kubikzentimeter?""},{""error"":""Richtung vertauscht: 0,0025."",""socratic_question"":""Werden es beim Umrechnen in die kleinere Einheit mehr oder weniger?""}]",neu,hoch,Aus acceptance.known_errors der Aufgabe abgeleitet.
2d4e013d-08e1-4740-8bfb-55d9d02864d2,,competency_process,,,bewusst leer,,"Die 7 Belegaufgaben mit skill_key groessen_volumen sind reine Rechenaufgaben („Operieren“). Diese Aufgabe ist eine Sachaufgabe — ob „Modellieren“ dazugehört, ist eine Fachentscheidung."
042aa45d-c36b-4eb8-886e-64289a975104,,tasks.est_duration_sec,,90,neu,mittel,Zeitregel: AFB II + Sachkontext.
042aa45d-c36b-4eb8-886e-64289a975104,,tasks.curriculum_grade,,7,neu,hoch,Wie alle 7 Aufgaben mit skill_key groessen_volumen im Bestand: Stoffanker Klasse 7.
042aa45d-c36b-4eb8-886e-64289a975104,,tasks.cluster_id,,e7108c9a-d19e-4021-8499-55b4f3d5d70c,neu,hoch,Wie alle 7 Aufgaben mit skill_key groessen_volumen im Bestand: Themengebiet „Zahl & Rechnen“.
042aa45d-c36b-4eb8-886e-64289a975104,,tasks.competency_content,,arithmetik_algebra,neu,hoch,Wie alle 7 Aufgaben mit skill_key groessen_volumen im Bestand: Inhaltsfeld arithmetik_algebra.
042aa45d-c36b-4eb8-886e-64289a975104,,tasks.needs_image,,false,neu,hoch,Aufgabentext enthält alle Angaben und verweist auf keine Abbildung.
042aa45d-c36b-4eb8-886e-64289a975104,,task_solutions.solution,,"1 l = 1000 ml. 750 ml : 1000 = 0,75 l.",neu,hoch,Nachgerechnet.
042aa45d-c36b-4eb8-886e-64289a975104,,task_solutions.hints,,"[{""level"":1,""text"":""Wie hängen Liter und Kubikdezimeter zusammen?""},{""level"":2,""text"":""1 l = 1 dm³ = 1000 cm³ und 1 l = 1000 ml.""}]",neu,hoch,Generiert.
042aa45d-c36b-4eb8-886e-64289a975104,,task_solutions.typical_errors,,"[{""error"":""Richtung vertauscht und multipliziert."",""socratic_question"":""Ist ein Liter größer oder kleiner als ein Milliliter?""},{""error"":""Durch 100 statt 1000 geteilt: 7,5 l."",""socratic_question"":""Wie viele Milliliter hat ein Liter?""}]",neu,hoch,Aus acceptance.known_errors der Aufgabe abgeleitet.
042aa45d-c36b-4eb8-886e-64289a975104,,competency_process,,,bewusst leer,,"Die 7 Belegaufgaben mit skill_key groessen_volumen sind reine Rechenaufgaben („Operieren“). Diese Aufgabe ist eine Sachaufgabe — ob „Modellieren“ dazugehört, ist eine Fachentscheidung."
d7ff7655-c901-4c4f-9a09-7b2cbf4042ab,,tasks.est_duration_sec,,75,neu,mittel,Zeitregel: AFB I + Sachkontext.
d7ff7655-c901-4c4f-9a09-7b2cbf4042ab,,tasks.curriculum_grade,,7,neu,hoch,Wie alle 6 Aufgaben mit skill_key groessen_zeit im Bestand: Stoffanker Klasse 7.
d7ff7655-c901-4c4f-9a09-7b2cbf4042ab,,tasks.cluster_id,,e7108c9a-d19e-4021-8499-55b4f3d5d70c,neu,hoch,Wie alle 6 Aufgaben mit skill_key groessen_zeit im Bestand: Themengebiet „Zahl & Rechnen“.
d7ff7655-c901-4c4f-9a09-7b2cbf4042ab,,tasks.competency_content,,arithmetik_algebra,neu,hoch,Wie alle 6 Aufgaben mit skill_key groessen_zeit im Bestand: Inhaltsfeld arithmetik_algebra.
d7ff7655-c901-4c4f-9a09-7b2cbf4042ab,,tasks.needs_image,,false,neu,hoch,Aufgabentext enthält alle Angaben und verweist auf keine Abbildung.
d7ff7655-c901-4c4f-9a09-7b2cbf4042ab,,task_solutions.solution,,"1 h = 60 min. 135 min : 60 = 2,25 h (2 h 15 min).",neu,hoch,Nachgerechnet.
d7ff7655-c901-4c4f-9a09-7b2cbf4042ab,,task_solutions.hints,,"[{""level"":1,""text"":""Wie viele Minuten hat eine Stunde?""},{""level"":2,""text"":""Teile die Minuten durch 60 – nicht durch 100.""}]",neu,hoch,Generiert.
d7ff7655-c901-4c4f-9a09-7b2cbf4042ab,,task_solutions.typical_errors,,"[{""error"":""Richtung vertauscht: mit 60 multipliziert."",""socratic_question"":""Werden es beim Umrechnen in Stunden mehr oder weniger?""},{""error"":""Durch 100 statt 60 geteilt: 1,35 h."",""socratic_question"":""Wie viele Minuten hat eine Stunde?""},{""error"":""2 h 15 min als 2,15 h geschrieben."",""socratic_question"":""Welcher Bruchteil einer Stunde sind 15 Minuten?""}]",neu,hoch,Aus acceptance.known_errors der Aufgabe abgeleitet.
d7ff7655-c901-4c4f-9a09-7b2cbf4042ab,,competency_process,,,bewusst leer,,"Die 6 Belegaufgaben mit skill_key groessen_zeit sind reine Rechenaufgaben („Operieren“). Diese Aufgabe ist eine Sachaufgabe — ob „Modellieren“ dazugehört, ist eine Fachentscheidung."
35abc6db-9fee-48d6-bac2-592a5c7f0816,,tasks.est_duration_sec,,75,neu,mittel,Zeitregel: AFB I + Sachkontext.
35abc6db-9fee-48d6-bac2-592a5c7f0816,,tasks.curriculum_grade,,7,neu,hoch,Wie alle 6 Aufgaben mit skill_key groessen_zeit im Bestand: Stoffanker Klasse 7.
35abc6db-9fee-48d6-bac2-592a5c7f0816,,tasks.cluster_id,,e7108c9a-d19e-4021-8499-55b4f3d5d70c,neu,hoch,Wie alle 6 Aufgaben mit skill_key groessen_zeit im Bestand: Themengebiet „Zahl & Rechnen“.
35abc6db-9fee-48d6-bac2-592a5c7f0816,,tasks.competency_content,,arithmetik_algebra,neu,hoch,Wie alle 6 Aufgaben mit skill_key groessen_zeit im Bestand: Inhaltsfeld arithmetik_algebra.
35abc6db-9fee-48d6-bac2-592a5c7f0816,,tasks.needs_image,,false,neu,hoch,Aufgabentext enthält alle Angaben und verweist auf keine Abbildung.
35abc6db-9fee-48d6-bac2-592a5c7f0816,,task_solutions.solution,,"1 h = 60 min. 144 min : 60 = 2,4 h (2 h 24 min).",neu,hoch,Nachgerechnet.
35abc6db-9fee-48d6-bac2-592a5c7f0816,,task_solutions.hints,,"[{""level"":1,""text"":""Wie viele Minuten hat eine Stunde?""},{""level"":2,""text"":""Teile die Minuten durch 60 – nicht durch 100.""}]",neu,hoch,Generiert.
35abc6db-9fee-48d6-bac2-592a5c7f0816,,task_solutions.typical_errors,,"[{""error"":""Richtung vertauscht: mit 60 multipliziert."",""socratic_question"":""Werden es beim Umrechnen in Stunden mehr oder weniger?""},{""error"":""Durch 100 statt 60 geteilt: 1,44 h."",""socratic_question"":""Wie viele Minuten hat eine Stunde?""},{""error"":""2 h 24 min als 2,24 h geschrieben."",""socratic_question"":""Welcher Bruchteil einer Stunde sind 24 Minuten?""}]",neu,hoch,Aus acceptance.known_errors der Aufgabe abgeleitet.
35abc6db-9fee-48d6-bac2-592a5c7f0816,,competency_process,,,bewusst leer,,"Die 6 Belegaufgaben mit skill_key groessen_zeit sind reine Rechenaufgaben („Operieren“). Diese Aufgabe ist eine Sachaufgabe — ob „Modellieren“ dazugehört, ist eine Fachentscheidung."
479eff6c-ba9e-4071-8aa4-e434e2185f7d,,tasks.est_duration_sec,,75,neu,mittel,Zeitregel: AFB I + Sachkontext.
479eff6c-ba9e-4071-8aa4-e434e2185f7d,,tasks.curriculum_grade,,7,neu,hoch,Wie alle 6 Aufgaben mit skill_key groessen_zeit im Bestand: Stoffanker Klasse 7.
479eff6c-ba9e-4071-8aa4-e434e2185f7d,,tasks.cluster_id,,e7108c9a-d19e-4021-8499-55b4f3d5d70c,neu,hoch,Wie alle 6 Aufgaben mit skill_key groessen_zeit im Bestand: Themengebiet „Zahl & Rechnen“.
479eff6c-ba9e-4071-8aa4-e434e2185f7d,,tasks.competency_content,,arithmetik_algebra,neu,hoch,Wie alle 6 Aufgaben mit skill_key groessen_zeit im Bestand: Inhaltsfeld arithmetik_algebra.
479eff6c-ba9e-4071-8aa4-e434e2185f7d,,tasks.needs_image,,false,neu,hoch,Aufgabentext enthält alle Angaben und verweist auf keine Abbildung.
479eff6c-ba9e-4071-8aa4-e434e2185f7d,,task_solutions.solution,,"1 h = 60 min. 210 min : 60 = 3,5 h (3 h 30 min).",neu,hoch,Nachgerechnet.
479eff6c-ba9e-4071-8aa4-e434e2185f7d,,task_solutions.hints,,"[{""level"":1,""text"":""Wie viele Minuten hat eine Stunde?""},{""level"":2,""text"":""Teile die Minuten durch 60 – nicht durch 100.""}]",neu,hoch,Generiert.
479eff6c-ba9e-4071-8aa4-e434e2185f7d,,task_solutions.typical_errors,,"[{""error"":""Richtung vertauscht: mit 60 multipliziert."",""socratic_question"":""Werden es beim Umrechnen in Stunden mehr oder weniger?""},{""error"":""Durch 100 statt 60 geteilt: 2,1 h."",""socratic_question"":""Wie viele Minuten hat eine Stunde?""},{""error"":""3 h 30 min als 3,3 h geschrieben."",""socratic_question"":""Welcher Bruchteil einer Stunde sind 30 Minuten?""}]",neu,hoch,Aus acceptance.known_errors der Aufgabe abgeleitet.
479eff6c-ba9e-4071-8aa4-e434e2185f7d,,competency_process,,,bewusst leer,,"Die 6 Belegaufgaben mit skill_key groessen_zeit sind reine Rechenaufgaben („Operieren“). Diese Aufgabe ist eine Sachaufgabe — ob „Modellieren“ dazugehört, ist eine Fachentscheidung."
d32c656c-18d4-4cde-842e-af2511623ed9,,tasks.est_duration_sec,,90,neu,mittel,Zeitregel: AFB II + Sachkontext.
d32c656c-18d4-4cde-842e-af2511623ed9,,tasks.curriculum_grade,,7,neu,hoch,Wie alle 14 Aufgaben mit skill_key proportionalitaet im Bestand: Stoffanker Klasse 7.
d32c656c-18d4-4cde-842e-af2511623ed9,,tasks.cluster_id,,e7108c9a-d19e-4021-8499-55b4f3d5d70c,neu,hoch,Wie alle 14 Aufgaben mit skill_key proportionalitaet im Bestand: Themengebiet „Zahl & Rechnen“.
d32c656c-18d4-4cde-842e-af2511623ed9,,tasks.competency_content,,arithmetik_algebra,neu,hoch,Wie alle 14 Aufgaben mit skill_key proportionalitaet im Bestand: Inhaltsfeld arithmetik_algebra.
d32c656c-18d4-4cde-842e-af2511623ed9,,tasks.needs_image,,false,neu,hoch,Aufgabentext enthält alle Angaben und verweist auf keine Abbildung.
d32c656c-18d4-4cde-842e-af2511623ed9,,task_solutions.solution,,"Mehr Helfer, weniger Zeit (antiproportional).
6 Helfer · 4 h = 24 Helferstunden. 24 : 8 = 3 h.",neu,hoch,Nachgerechnet.
d32c656c-18d4-4cde-842e-af2511623ed9,,task_solutions.hints,,"[{""level"":1,""text"":""Wird es bei mehr Einheiten mehr oder weniger?""},{""level"":2,""text"":""Rechne zuerst auf eine Einheit zurück und dann auf die gesuchte Anzahl hoch.""}]",neu,hoch,Generiert.
d32c656c-18d4-4cde-842e-af2511623ed9,,task_solutions.typical_errors,,"[{""error"":""Falscher Bezug: 6 Stunden."",""socratic_question"":""Was ändert sich, wenn mehr Helfer mitarbeiten?""},{""error"":""Nur die Helferstunden berechnet: 24."",""socratic_question"":""Wofür steht die 24 – für Stunden einer Person oder der ganzen Gruppe?""},{""error"":""Proportional statt antiproportional gerechnet: 5,33 h."",""socratic_question"":""Brauchen mehr Helfer länger oder kürzer?""}]",neu,hoch,Aus acceptance.known_errors der Aufgabe abgeleitet.
d32c656c-18d4-4cde-842e-af2511623ed9,,competency_process,,,bewusst leer,,"Die 14 Belegaufgaben mit skill_key proportionalitaet sind reine Rechenaufgaben („Operieren“). Diese Aufgabe ist eine Sachaufgabe — ob „Modellieren“ dazugehört, ist eine Fachentscheidung."
60d6094b-eef7-43f4-be17-fbb849cf3499,,tasks.est_duration_sec,,75,neu,mittel,Zeitregel: AFB I + Sachkontext.
60d6094b-eef7-43f4-be17-fbb849cf3499,,tasks.curriculum_grade,,7,neu,hoch,Wie alle 14 Aufgaben mit skill_key proportionalitaet im Bestand: Stoffanker Klasse 7.
60d6094b-eef7-43f4-be17-fbb849cf3499,,tasks.cluster_id,,e7108c9a-d19e-4021-8499-55b4f3d5d70c,neu,hoch,Wie alle 14 Aufgaben mit skill_key proportionalitaet im Bestand: Themengebiet „Zahl & Rechnen“.
60d6094b-eef7-43f4-be17-fbb849cf3499,,tasks.competency_content,,arithmetik_algebra,neu,hoch,Wie alle 14 Aufgaben mit skill_key proportionalitaet im Bestand: Inhaltsfeld arithmetik_algebra.
60d6094b-eef7-43f4-be17-fbb849cf3499,,tasks.needs_image,,false,neu,hoch,Aufgabentext enthält alle Angaben und verweist auf keine Abbildung.
60d6094b-eef7-43f4-be17-fbb849cf3499,,task_solutions.solution,,Pro Seite: 20 s : 5 = 4 s. Für 12 Seiten: 12 · 4 s = 48 s.,neu,hoch,Nachgerechnet.
60d6094b-eef7-43f4-be17-fbb849cf3499,,task_solutions.hints,,"[{""level"":1,""text"":""Wird es bei mehr Einheiten mehr oder weniger?""},{""level"":2,""text"":""Rechne zuerst auf eine Einheit zurück und dann auf die gesuchte Anzahl hoch.""}]",neu,hoch,Generiert.
60d6094b-eef7-43f4-be17-fbb849cf3499,,task_solutions.typical_errors,,"[{""error"":""Antiproportional statt proportional gerechnet: 3 s."",""socratic_question"":""Braucht der Drucker für mehr Seiten mehr oder weniger Zeit?""},{""error"":""Falscher Bezug: 27 s."",""socratic_question"":""Wie lange braucht der Drucker für eine einzige Seite?""},{""error"":""Nicht durch 5 geteilt: 240 s."",""socratic_question"":""Für wie viele Seiten gelten die 20 Sekunden?""}]",neu,hoch,Aus acceptance.known_errors der Aufgabe abgeleitet.
60d6094b-eef7-43f4-be17-fbb849cf3499,,competency_process,,,bewusst leer,,"Die 14 Belegaufgaben mit skill_key proportionalitaet sind reine Rechenaufgaben („Operieren“). Diese Aufgabe ist eine Sachaufgabe — ob „Modellieren“ dazugehört, ist eine Fachentscheidung."
cb5e9767-90c9-422f-8a1f-31193a418249,,tasks.est_duration_sec,,75,neu,mittel,Zeitregel: AFB I + Sachkontext.
cb5e9767-90c9-422f-8a1f-31193a418249,,tasks.curriculum_grade,,7,neu,hoch,Wie alle 14 Aufgaben mit skill_key proportionalitaet im Bestand: Stoffanker Klasse 7.
cb5e9767-90c9-422f-8a1f-31193a418249,,tasks.cluster_id,,e7108c9a-d19e-4021-8499-55b4f3d5d70c,neu,hoch,Wie alle 14 Aufgaben mit skill_key proportionalitaet im Bestand: Themengebiet „Zahl & Rechnen“.
cb5e9767-90c9-422f-8a1f-31193a418249,,tasks.competency_content,,arithmetik_algebra,neu,hoch,Wie alle 14 Aufgaben mit skill_key proportionalitaet im Bestand: Inhaltsfeld arithmetik_algebra.
cb5e9767-90c9-422f-8a1f-31193a418249,,tasks.needs_image,,false,neu,hoch,Aufgabentext enthält alle Angaben und verweist auf keine Abbildung.
cb5e9767-90c9-422f-8a1f-31193a418249,,task_solutions.solution,,Pro Portion: 600 g : 4 = 150 g. Für 10 Portionen: 10 · 150 g = 1500 g.,neu,hoch,Nachgerechnet.
cb5e9767-90c9-422f-8a1f-31193a418249,,task_solutions.hints,,"[{""level"":1,""text"":""Wird es bei mehr Einheiten mehr oder weniger?""},{""level"":2,""text"":""Rechne zuerst auf eine Einheit zurück und dann auf die gesuchte Anzahl hoch.""}]",neu,hoch,Generiert.
cb5e9767-90c9-422f-8a1f-31193a418249,,task_solutions.typical_errors,,"[{""error"":""Antiproportional statt proportional gerechnet: 240 g."",""socratic_question"":""Braucht Elif für mehr Portionen mehr oder weniger Kartoffeln?""},{""error"":""Falscher Bezug: 1200 g."",""socratic_question"":""Wie viel braucht sie für eine einzige Portion?""},{""error"":""Nicht durch 4 geteilt: 6000 g."",""socratic_question"":""Für wie viele Portionen gelten die 600 g?""}]",neu,hoch,Aus acceptance.known_errors der Aufgabe abgeleitet.
cb5e9767-90c9-422f-8a1f-31193a418249,,competency_process,,,bewusst leer,,"Die 14 Belegaufgaben mit skill_key proportionalitaet sind reine Rechenaufgaben („Operieren“). Diese Aufgabe ist eine Sachaufgabe — ob „Modellieren“ dazugehört, ist eine Fachentscheidung."
9c2f92c5-6186-4a5e-be24-e0f957c2c9fd,,tasks.est_duration_sec,,90,neu,mittel,Zeitregel: AFB II + Sachkontext.
9c2f92c5-6186-4a5e-be24-e0f957c2c9fd,,tasks.curriculum_grade,,7,neu,hoch,Wie alle 8 Aufgaben mit skill_key prozent_grundwert im Bestand: Stoffanker Klasse 7.
9c2f92c5-6186-4a5e-be24-e0f957c2c9fd,,tasks.cluster_id,,e7108c9a-d19e-4021-8499-55b4f3d5d70c,neu,hoch,Wie alle 8 Aufgaben mit skill_key prozent_grundwert im Bestand: Themengebiet „Zahl & Rechnen“.
9c2f92c5-6186-4a5e-be24-e0f957c2c9fd,,tasks.competency_content,,arithmetik_algebra,neu,hoch,Wie alle 8 Aufgaben mit skill_key prozent_grundwert im Bestand: Inhaltsfeld arithmetik_algebra.
9c2f92c5-6186-4a5e-be24-e0f957c2c9fd,,tasks.needs_image,,false,neu,hoch,Aufgabentext enthält alle Angaben und verweist auf keine Abbildung.
9c2f92c5-6186-4a5e-be24-e0f957c2c9fd,,task_solutions.solution,,"Grundwert = 45 : 0,25 = 180. Es wurden 180 Stühle bestellt.",neu,hoch,Nachgerechnet.
9c2f92c5-6186-4a5e-be24-e0f957c2c9fd,,task_solutions.hints,,"[{""level"":1,""text"":""Was ist hier gegeben: der Prozentwert, der Prozentsatz oder der Grundwert?""},{""level"":2,""text"":""Grundwert = Prozentwert : Prozentsatz (als Dezimalzahl).""}]",neu,hoch,Generiert.
9c2f92c5-6186-4a5e-be24-e0f957c2c9fd,,task_solutions.typical_errors,,"[{""error"":""Komma verschoben: 1125."",""socratic_question"":""Passt das Ergebnis zu „45 sind ein Viertel“?""},{""error"":""Multipliziert statt dividiert: 11,25."",""socratic_question"":""Muss die ganze Bestellung größer oder kleiner als 45 sein?""}]",neu,hoch,Aus acceptance.known_errors der Aufgabe abgeleitet.
9c2f92c5-6186-4a5e-be24-e0f957c2c9fd,,competency_process,,,bewusst leer,,"Die 8 Belegaufgaben mit skill_key prozent_grundwert sind reine Rechenaufgaben („Operieren“). Diese Aufgabe ist eine Sachaufgabe — ob „Modellieren“ dazugehört, ist eine Fachentscheidung."
a3773977-f673-47bd-b66c-301fde4443f2,,tasks.est_duration_sec,,90,neu,mittel,Zeitregel: AFB II + Sachkontext.
a3773977-f673-47bd-b66c-301fde4443f2,,tasks.curriculum_grade,,7,neu,hoch,Wie alle 8 Aufgaben mit skill_key prozent_grundwert im Bestand: Stoffanker Klasse 7.
a3773977-f673-47bd-b66c-301fde4443f2,,tasks.cluster_id,,e7108c9a-d19e-4021-8499-55b4f3d5d70c,neu,hoch,Wie alle 8 Aufgaben mit skill_key prozent_grundwert im Bestand: Themengebiet „Zahl & Rechnen“.
a3773977-f673-47bd-b66c-301fde4443f2,,tasks.competency_content,,arithmetik_algebra,neu,hoch,Wie alle 8 Aufgaben mit skill_key prozent_grundwert im Bestand: Inhaltsfeld arithmetik_algebra.
a3773977-f673-47bd-b66c-301fde4443f2,,tasks.needs_image,,false,neu,hoch,Aufgabentext enthält alle Angaben und verweist auf keine Abbildung.
a3773977-f673-47bd-b66c-301fde4443f2,,task_solutions.solution,,"Grundwert = 36 : 0,15 = 240. Die Bücherei hat 240 Bücher.",neu,hoch,Nachgerechnet.
a3773977-f673-47bd-b66c-301fde4443f2,,task_solutions.hints,,"[{""level"":1,""text"":""Was ist hier gegeben: der Prozentwert, der Prozentsatz oder der Grundwert?""},{""level"":2,""text"":""Grundwert = Prozentwert : Prozentsatz (als Dezimalzahl).""}]",neu,hoch,Generiert.
a3773977-f673-47bd-b66c-301fde4443f2,,task_solutions.typical_errors,,"[{""error"":""Komma verschoben: 540."",""socratic_question"":""Sind 15 % von deinem Ergebnis wirklich 36?""},{""error"":""Multipliziert statt dividiert: 5,4."",""socratic_question"":""Muss der ganze Bestand größer oder kleiner als 36 sein?""}]",neu,hoch,Aus acceptance.known_errors der Aufgabe abgeleitet.
a3773977-f673-47bd-b66c-301fde4443f2,,competency_process,,,bewusst leer,,"Die 8 Belegaufgaben mit skill_key prozent_grundwert sind reine Rechenaufgaben („Operieren“). Diese Aufgabe ist eine Sachaufgabe — ob „Modellieren“ dazugehört, ist eine Fachentscheidung."
a53cf275-afb4-4f69-858d-91a977051281,,tasks.est_duration_sec,,90,neu,mittel,Zeitregel: AFB II + Sachkontext.
a53cf275-afb4-4f69-858d-91a977051281,,tasks.curriculum_grade,,7,neu,hoch,Wie alle 8 Aufgaben mit skill_key prozent_grundwert im Bestand: Stoffanker Klasse 7.
a53cf275-afb4-4f69-858d-91a977051281,,tasks.cluster_id,,e7108c9a-d19e-4021-8499-55b4f3d5d70c,neu,hoch,Wie alle 8 Aufgaben mit skill_key prozent_grundwert im Bestand: Themengebiet „Zahl & Rechnen“.
a53cf275-afb4-4f69-858d-91a977051281,,tasks.competency_content,,arithmetik_algebra,neu,hoch,Wie alle 8 Aufgaben mit skill_key prozent_grundwert im Bestand: Inhaltsfeld arithmetik_algebra.
a53cf275-afb4-4f69-858d-91a977051281,,tasks.needs_image,,false,neu,hoch,Aufgabentext enthält alle Angaben und verweist auf keine Abbildung.
a53cf275-afb4-4f69-858d-91a977051281,,task_solutions.solution,,"Grundwert = 21 : 0,35 = 60. Im Chor singen 60 Personen.",neu,hoch,Nachgerechnet.
a53cf275-afb4-4f69-858d-91a977051281,,task_solutions.hints,,"[{""level"":1,""text"":""Was ist hier gegeben: der Prozentwert, der Prozentsatz oder der Grundwert?""},{""level"":2,""text"":""Grundwert = Prozentwert : Prozentsatz (als Dezimalzahl).""}]",neu,hoch,Generiert.
a53cf275-afb4-4f69-858d-91a977051281,,task_solutions.typical_errors,,"[{""error"":""Komma verschoben: 735."",""socratic_question"":""Sind 35 % von deinem Ergebnis wirklich 21?""},{""error"":""Multipliziert statt dividiert: 7,35."",""socratic_question"":""Muss der ganze Chor größer oder kleiner als 21 sein?""}]",neu,hoch,Aus acceptance.known_errors der Aufgabe abgeleitet.
a53cf275-afb4-4f69-858d-91a977051281,,competency_process,,,bewusst leer,,"Die 8 Belegaufgaben mit skill_key prozent_grundwert sind reine Rechenaufgaben („Operieren“). Diese Aufgabe ist eine Sachaufgabe — ob „Modellieren“ dazugehört, ist eine Fachentscheidung."
14b1c4a3-8b95-495b-ad2f-066fd43e0a20,,tasks.est_duration_sec,,75,neu,mittel,Zeitregel: AFB I + Sachkontext.
14b1c4a3-8b95-495b-ad2f-066fd43e0a20,,tasks.curriculum_grade,,7,neu,hoch,Wie alle 6 Aufgaben mit skill_key prozent_prozentsatz im Bestand: Stoffanker Klasse 7.
14b1c4a3-8b95-495b-ad2f-066fd43e0a20,,tasks.cluster_id,,e7108c9a-d19e-4021-8499-55b4f3d5d70c,neu,hoch,Wie alle 6 Aufgaben mit skill_key prozent_prozentsatz im Bestand: Themengebiet „Zahl & Rechnen“.
14b1c4a3-8b95-495b-ad2f-066fd43e0a20,,tasks.competency_content,,arithmetik_algebra,neu,hoch,Wie alle 6 Aufgaben mit skill_key prozent_prozentsatz im Bestand: Inhaltsfeld arithmetik_algebra.
14b1c4a3-8b95-495b-ad2f-066fd43e0a20,,tasks.needs_image,,false,neu,hoch,Aufgabentext enthält alle Angaben und verweist auf keine Abbildung.
14b1c4a3-8b95-495b-ad2f-066fd43e0a20,,task_solutions.solution,,"24 : 200 = 0,12 = 12 %.",neu,hoch,Nachgerechnet.
14b1c4a3-8b95-495b-ad2f-066fd43e0a20,,task_solutions.hints,,"[{""level"":1,""text"":""Welcher Teil wird mit welchem Ganzen verglichen?""},{""level"":2,""text"":""Prozentsatz = Teil : Ganzes, dann mal 100.""}]",neu,hoch,Generiert.
14b1c4a3-8b95-495b-ad2f-066fd43e0a20,,task_solutions.typical_errors,,"[{""error"":""Nicht mit 100 multipliziert: 0,12."",""socratic_question"":""Wie schreibst du 0,12 als Prozentsatz?""},{""error"":""Bezug vertauscht: 200 : 24."",""socratic_question"":""Welcher Teil wird mit welchem Ganzen verglichen?""}]",neu,hoch,Aus acceptance.known_errors der Aufgabe abgeleitet.
14b1c4a3-8b95-495b-ad2f-066fd43e0a20,,competency_process,,,bewusst leer,,"Die 6 Belegaufgaben mit skill_key prozent_prozentsatz sind reine Rechenaufgaben („Operieren“). Diese Aufgabe ist eine Sachaufgabe — ob „Modellieren“ dazugehört, ist eine Fachentscheidung."
d86aa9ec-4815-42dd-bc94-5e02afdb26f7,,tasks.est_duration_sec,,75,neu,mittel,Zeitregel: AFB I + Sachkontext.
d86aa9ec-4815-42dd-bc94-5e02afdb26f7,,tasks.curriculum_grade,,7,neu,hoch,Wie alle 6 Aufgaben mit skill_key prozent_prozentsatz im Bestand: Stoffanker Klasse 7.
d86aa9ec-4815-42dd-bc94-5e02afdb26f7,,tasks.cluster_id,,e7108c9a-d19e-4021-8499-55b4f3d5d70c,neu,hoch,Wie alle 6 Aufgaben mit skill_key prozent_prozentsatz im Bestand: Themengebiet „Zahl & Rechnen“.
d86aa9ec-4815-42dd-bc94-5e02afdb26f7,,tasks.competency_content,,arithmetik_algebra,neu,hoch,Wie alle 6 Aufgaben mit skill_key prozent_prozentsatz im Bestand: Inhaltsfeld arithmetik_algebra.
d86aa9ec-4815-42dd-bc94-5e02afdb26f7,,tasks.needs_image,,false,neu,hoch,Aufgabentext enthält alle Angaben und verweist auf keine Abbildung.
d86aa9ec-4815-42dd-bc94-5e02afdb26f7,,task_solutions.solution,,"15 : 25 = 0,6 = 60 %.",neu,hoch,Nachgerechnet.
d86aa9ec-4815-42dd-bc94-5e02afdb26f7,,task_solutions.hints,,"[{""level"":1,""text"":""Welcher Teil wird mit welchem Ganzen verglichen?""},{""level"":2,""text"":""Prozentsatz = Teil : Ganzes, dann mal 100.""}]",neu,hoch,Generiert.
d86aa9ec-4815-42dd-bc94-5e02afdb26f7,,task_solutions.typical_errors,,"[{""error"":""Nicht mit 100 multipliziert: 0,6."",""socratic_question"":""Wie schreibst du 0,6 als Prozentsatz?""},{""error"":""Bezug vertauscht: 25 : 15."",""socratic_question"":""Welcher Teil wird mit welchem Ganzen verglichen?""}]",neu,hoch,Aus acceptance.known_errors der Aufgabe abgeleitet.
d86aa9ec-4815-42dd-bc94-5e02afdb26f7,,competency_process,,,bewusst leer,,"Die 6 Belegaufgaben mit skill_key prozent_prozentsatz sind reine Rechenaufgaben („Operieren“). Diese Aufgabe ist eine Sachaufgabe — ob „Modellieren“ dazugehört, ist eine Fachentscheidung."
961a8057-3c77-46c9-b58c-47fa9434cc73,,tasks.est_duration_sec,,75,neu,mittel,Zeitregel: AFB I + Sachkontext.
961a8057-3c77-46c9-b58c-47fa9434cc73,,tasks.curriculum_grade,,7,neu,hoch,Wie alle 6 Aufgaben mit skill_key prozent_prozentsatz im Bestand: Stoffanker Klasse 7.
961a8057-3c77-46c9-b58c-47fa9434cc73,,tasks.cluster_id,,e7108c9a-d19e-4021-8499-55b4f3d5d70c,neu,hoch,Wie alle 6 Aufgaben mit skill_key prozent_prozentsatz im Bestand: Themengebiet „Zahl & Rechnen“.
961a8057-3c77-46c9-b58c-47fa9434cc73,,tasks.competency_content,,arithmetik_algebra,neu,hoch,Wie alle 6 Aufgaben mit skill_key prozent_prozentsatz im Bestand: Inhaltsfeld arithmetik_algebra.
961a8057-3c77-46c9-b58c-47fa9434cc73,,tasks.needs_image,,false,neu,hoch,Aufgabentext enthält alle Angaben und verweist auf keine Abbildung.
961a8057-3c77-46c9-b58c-47fa9434cc73,,task_solutions.solution,,"8 : 50 = 0,16 = 16 %.",neu,hoch,Nachgerechnet.
961a8057-3c77-46c9-b58c-47fa9434cc73,,task_solutions.hints,,"[{""level"":1,""text"":""Welcher Teil wird mit welchem Ganzen verglichen?""},{""level"":2,""text"":""Prozentsatz = Teil : Ganzes, dann mal 100.""}]",neu,hoch,Generiert.
961a8057-3c77-46c9-b58c-47fa9434cc73,,task_solutions.typical_errors,,"[{""error"":""Bezug vertauscht: 50 : 8."",""socratic_question"":""Welcher Teil wird mit welchem Ganzen verglichen?""},{""error"":""Nicht mit 100 multipliziert: 0,16."",""socratic_question"":""Wie schreibst du 0,16 als Prozentsatz?""}]",neu,hoch,Aus acceptance.known_errors der Aufgabe abgeleitet.
961a8057-3c77-46c9-b58c-47fa9434cc73,,competency_process,,,bewusst leer,,"Die 6 Belegaufgaben mit skill_key prozent_prozentsatz sind reine Rechenaufgaben („Operieren“). Diese Aufgabe ist eine Sachaufgabe — ob „Modellieren“ dazugehört, ist eine Fachentscheidung."
0452250a-be42-434d-8f7f-ea5c3705f745,,tasks.est_duration_sec,,75,neu,mittel,Zeitregel: AFB I + Sachkontext.
0452250a-be42-434d-8f7f-ea5c3705f745,,tasks.curriculum_grade,,7,neu,hoch,Wie alle 6 Aufgaben mit skill_key prozent_prozentwert im Bestand: Stoffanker Klasse 7.
0452250a-be42-434d-8f7f-ea5c3705f745,,tasks.cluster_id,,e7108c9a-d19e-4021-8499-55b4f3d5d70c,neu,hoch,Wie alle 6 Aufgaben mit skill_key prozent_prozentwert im Bestand: Themengebiet „Zahl & Rechnen“.
0452250a-be42-434d-8f7f-ea5c3705f745,,tasks.competency_content,,arithmetik_algebra,neu,hoch,Wie alle 6 Aufgaben mit skill_key prozent_prozentwert im Bestand: Inhaltsfeld arithmetik_algebra.
0452250a-be42-434d-8f7f-ea5c3705f745,,tasks.needs_image,,false,neu,hoch,Aufgabentext enthält alle Angaben und verweist auf keine Abbildung.
0452250a-be42-434d-8f7f-ea5c3705f745,,task_solutions.solution,,"Prozentwert = 80 · 0,35 = 28. Es sind 28 Mitglieder.",neu,hoch,Nachgerechnet.
0452250a-be42-434d-8f7f-ea5c3705f745,,task_solutions.hints,,"[{""level"":1,""text"":""Von welcher Zahl sollst du den Prozentanteil nehmen?""},{""level"":2,""text"":""Prozentwert = Grundwert · Prozentsatz (als Dezimalzahl).""}]",neu,hoch,Generiert.
0452250a-be42-434d-8f7f-ea5c3705f745,,task_solutions.typical_errors,,"[{""error"":""Grundwert und Prozentwert verwechselt: 80 − 28 = 52."",""socratic_question"":""Wie viele singen im Bass – oder wie viele nicht?""},{""error"":""Komma verschoben: 2800."",""socratic_question"":""Können mehr Mitglieder im Bass singen, als der Chor hat?""}]",neu,hoch,Aus acceptance.known_errors der Aufgabe abgeleitet.
0452250a-be42-434d-8f7f-ea5c3705f745,,competency_process,,,bewusst leer,,"Die 6 Belegaufgaben mit skill_key prozent_prozentwert sind reine Rechenaufgaben („Operieren“). Diese Aufgabe ist eine Sachaufgabe — ob „Modellieren“ dazugehört, ist eine Fachentscheidung."
39ada84b-5d50-4a9f-8f75-c1255550f2a0,,tasks.est_duration_sec,,75,neu,mittel,Zeitregel: AFB I + Sachkontext.
39ada84b-5d50-4a9f-8f75-c1255550f2a0,,tasks.curriculum_grade,,7,neu,hoch,Wie alle 6 Aufgaben mit skill_key prozent_prozentwert im Bestand: Stoffanker Klasse 7.
39ada84b-5d50-4a9f-8f75-c1255550f2a0,,tasks.cluster_id,,e7108c9a-d19e-4021-8499-55b4f3d5d70c,neu,hoch,Wie alle 6 Aufgaben mit skill_key prozent_prozentwert im Bestand: Themengebiet „Zahl & Rechnen“.
39ada84b-5d50-4a9f-8f75-c1255550f2a0,,tasks.competency_content,,arithmetik_algebra,neu,hoch,Wie alle 6 Aufgaben mit skill_key prozent_prozentwert im Bestand: Inhaltsfeld arithmetik_algebra.
39ada84b-5d50-4a9f-8f75-c1255550f2a0,,tasks.needs_image,,false,neu,hoch,Aufgabentext enthält alle Angaben und verweist auf keine Abbildung.
39ada84b-5d50-4a9f-8f75-c1255550f2a0,,task_solutions.solution,,"Prozentwert = 24 € · 0,25 = 6 €. Der Preis wird um 6 € gesenkt.",neu,hoch,Nachgerechnet.
39ada84b-5d50-4a9f-8f75-c1255550f2a0,,task_solutions.hints,,"[{""level"":1,""text"":""Von welcher Zahl sollst du den Prozentanteil nehmen?""},{""level"":2,""text"":""Prozentwert = Grundwert · Prozentsatz (als Dezimalzahl).""}]",neu,hoch,Generiert.
39ada84b-5d50-4a9f-8f75-c1255550f2a0,,task_solutions.typical_errors,,"[{""error"":""Neuer Preis statt Senkung angegeben: 18 €."",""socratic_question"":""Ist nach dem neuen Preis gefragt oder nach dem Betrag, um den er sinkt?""},{""error"":""Komma verschoben: 600 €."",""socratic_question"":""Kann die Senkung größer sein als der Preis?""}]",neu,hoch,Aus acceptance.known_errors der Aufgabe abgeleitet.
39ada84b-5d50-4a9f-8f75-c1255550f2a0,,competency_process,,,bewusst leer,,"Die 6 Belegaufgaben mit skill_key prozent_prozentwert sind reine Rechenaufgaben („Operieren“). Diese Aufgabe ist eine Sachaufgabe — ob „Modellieren“ dazugehört, ist eine Fachentscheidung."
8f4a0a18-5992-4bb2-8f4a-79347f41f2d7,,tasks.est_duration_sec,,75,neu,mittel,Zeitregel: AFB I + Sachkontext.
8f4a0a18-5992-4bb2-8f4a-79347f41f2d7,,tasks.curriculum_grade,,7,neu,hoch,Wie alle 6 Aufgaben mit skill_key prozent_prozentwert im Bestand: Stoffanker Klasse 7.
8f4a0a18-5992-4bb2-8f4a-79347f41f2d7,,tasks.cluster_id,,e7108c9a-d19e-4021-8499-55b4f3d5d70c,neu,hoch,Wie alle 6 Aufgaben mit skill_key prozent_prozentwert im Bestand: Themengebiet „Zahl & Rechnen“.
8f4a0a18-5992-4bb2-8f4a-79347f41f2d7,,tasks.competency_content,,arithmetik_algebra,neu,hoch,Wie alle 6 Aufgaben mit skill_key prozent_prozentwert im Bestand: Inhaltsfeld arithmetik_algebra.
8f4a0a18-5992-4bb2-8f4a-79347f41f2d7,,tasks.needs_image,,false,neu,hoch,Aufgabentext enthält alle Angaben und verweist auf keine Abbildung.
8f4a0a18-5992-4bb2-8f4a-79347f41f2d7,,task_solutions.solution,,"Prozentwert = 250 · 0,12 = 30. Es sind 30 Kinder.",neu,hoch,Nachgerechnet.
8f4a0a18-5992-4bb2-8f4a-79347f41f2d7,,task_solutions.hints,,"[{""level"":1,""text"":""Von welcher Zahl sollst du den Prozentanteil nehmen?""},{""level"":2,""text"":""Prozentwert = Grundwert · Prozentsatz (als Dezimalzahl).""}]",neu,hoch,Generiert.
8f4a0a18-5992-4bb2-8f4a-79347f41f2d7,,task_solutions.typical_errors,,"[{""error"":""Grundwert und Prozentwert verwechselt: 250 − 30 = 220."",""socratic_question"":""Wie viele fahren mit dem Rad – oder wie viele nicht?""},{""error"":""Komma verschoben: 3000."",""socratic_question"":""Können mehr Kinder Rad fahren, als an der Schule lernen?""}]",neu,hoch,Aus acceptance.known_errors der Aufgabe abgeleitet.
8f4a0a18-5992-4bb2-8f4a-79347f41f2d7,,competency_process,,,bewusst leer,,"Die 6 Belegaufgaben mit skill_key prozent_prozentwert sind reine Rechenaufgaben („Operieren“). Diese Aufgabe ist eine Sachaufgabe — ob „Modellieren“ dazugehört, ist eine Fachentscheidung."
9d0f4694-7b71-4ec6-baa6-9a59b9df059a,,tasks.est_duration_sec,,90,neu,mittel,Zeitregel: AFB II + Sachkontext.
9d0f4694-7b71-4ec6-baa6-9a59b9df059a,,tasks.curriculum_grade,,7,neu,hoch,Wie alle 7 Aufgaben mit skill_key prozent_veraenderung im Bestand: Stoffanker Klasse 7.
9d0f4694-7b71-4ec6-baa6-9a59b9df059a,,tasks.cluster_id,,e7108c9a-d19e-4021-8499-55b4f3d5d70c,neu,hoch,Wie alle 7 Aufgaben mit skill_key prozent_veraenderung im Bestand: Themengebiet „Zahl & Rechnen“.
9d0f4694-7b71-4ec6-baa6-9a59b9df059a,,tasks.competency_content,,arithmetik_algebra,neu,hoch,Wie alle 7 Aufgaben mit skill_key prozent_veraenderung im Bestand: Inhaltsfeld arithmetik_algebra.
9d0f4694-7b71-4ec6-baa6-9a59b9df059a,,tasks.needs_image,,false,neu,hoch,Aufgabentext enthält alle Angaben und verweist auf keine Abbildung.
9d0f4694-7b71-4ec6-baa6-9a59b9df059a,,task_solutions.solution,,"Neuer Preis = 320 € · 0,75 = 240 €.",neu,hoch,Nachgerechnet.
9d0f4694-7b71-4ec6-baa6-9a59b9df059a,,task_solutions.hints,,"[{""level"":1,""text"":""Wird der Wert größer oder kleiner?""},{""level"":2,""text"":""Berechne den neuen Wert direkt mit dem Faktor (1 + p) bzw. (1 − p).""}]",neu,hoch,Generiert.
9d0f4694-7b71-4ec6-baa6-9a59b9df059a,,task_solutions.typical_errors,,"[{""error"":""Nur die Senkung angegeben: 80 €."",""socratic_question"":""Ist nach der Senkung oder nach dem neuen Preis gefragt?""},{""error"":""Erhöht statt gesenkt: 400 €."",""socratic_question"":""Wird der Preis größer oder kleiner?""}]",neu,hoch,Aus acceptance.known_errors der Aufgabe abgeleitet.
9d0f4694-7b71-4ec6-baa6-9a59b9df059a,,competency_process,,,bewusst leer,,"Die 7 Belegaufgaben mit skill_key prozent_veraenderung sind reine Rechenaufgaben („Operieren“). Diese Aufgabe ist eine Sachaufgabe — ob „Modellieren“ dazugehört, ist eine Fachentscheidung."
2652c818-1f19-4a22-8c64-759682ca6f04,,tasks.est_duration_sec,,90,neu,mittel,Zeitregel: AFB II + Sachkontext.
2652c818-1f19-4a22-8c64-759682ca6f04,,tasks.curriculum_grade,,7,neu,hoch,Wie alle 7 Aufgaben mit skill_key prozent_veraenderung im Bestand: Stoffanker Klasse 7.
2652c818-1f19-4a22-8c64-759682ca6f04,,tasks.cluster_id,,e7108c9a-d19e-4021-8499-55b4f3d5d70c,neu,hoch,Wie alle 7 Aufgaben mit skill_key prozent_veraenderung im Bestand: Themengebiet „Zahl & Rechnen“.
2652c818-1f19-4a22-8c64-759682ca6f04,,tasks.competency_content,,arithmetik_algebra,neu,hoch,Wie alle 7 Aufgaben mit skill_key prozent_veraenderung im Bestand: Inhaltsfeld arithmetik_algebra.
2652c818-1f19-4a22-8c64-759682ca6f04,,tasks.needs_image,,false,neu,hoch,Aufgabentext enthält alle Angaben und verweist auf keine Abbildung.
2652c818-1f19-4a22-8c64-759682ca6f04,,task_solutions.solution,,"Neue Anzahl = 80 · 0,9 = 72 Fische.",neu,hoch,Nachgerechnet.
2652c818-1f19-4a22-8c64-759682ca6f04,,task_solutions.hints,,"[{""level"":1,""text"":""Wird der Wert größer oder kleiner?""},{""level"":2,""text"":""Berechne den neuen Wert direkt mit dem Faktor (1 + p) bzw. (1 − p).""}]",neu,hoch,Generiert.
2652c818-1f19-4a22-8c64-759682ca6f04,,task_solutions.typical_errors,,"[{""error"":""Nur die Abnahme angegeben: 8 Fische."",""socratic_question"":""Ist nach der Abnahme oder nach der neuen Anzahl gefragt?""},{""error"":""Erhöht statt verringert: 88 Fische."",""socratic_question"":""Wird die Zahl größer oder kleiner?""}]",neu,hoch,Aus acceptance.known_errors der Aufgabe abgeleitet.
2652c818-1f19-4a22-8c64-759682ca6f04,,competency_process,,,bewusst leer,,"Die 7 Belegaufgaben mit skill_key prozent_veraenderung sind reine Rechenaufgaben („Operieren“). Diese Aufgabe ist eine Sachaufgabe — ob „Modellieren“ dazugehört, ist eine Fachentscheidung."
508051df-7106-4ee9-aafd-eeb7e9e281cd,,tasks.est_duration_sec,,90,neu,mittel,Zeitregel: AFB II + Sachkontext.
508051df-7106-4ee9-aafd-eeb7e9e281cd,,tasks.curriculum_grade,,7,neu,hoch,Wie alle 7 Aufgaben mit skill_key prozent_veraenderung im Bestand: Stoffanker Klasse 7.
508051df-7106-4ee9-aafd-eeb7e9e281cd,,tasks.cluster_id,,e7108c9a-d19e-4021-8499-55b4f3d5d70c,neu,hoch,Wie alle 7 Aufgaben mit skill_key prozent_veraenderung im Bestand: Themengebiet „Zahl & Rechnen“.
508051df-7106-4ee9-aafd-eeb7e9e281cd,,tasks.competency_content,,arithmetik_algebra,neu,hoch,Wie alle 7 Aufgaben mit skill_key prozent_veraenderung im Bestand: Inhaltsfeld arithmetik_algebra.
508051df-7106-4ee9-aafd-eeb7e9e281cd,,tasks.needs_image,,false,neu,hoch,Aufgabentext enthält alle Angaben und verweist auf keine Abbildung.
508051df-7106-4ee9-aafd-eeb7e9e281cd,,task_solutions.solution,,"Neue Anzahl = 240 · 1,15 = 276 Mitglieder.",neu,hoch,Nachgerechnet.
508051df-7106-4ee9-aafd-eeb7e9e281cd,,task_solutions.hints,,"[{""level"":1,""text"":""Wird der Wert größer oder kleiner?""},{""level"":2,""text"":""Berechne den neuen Wert direkt mit dem Faktor (1 + p) bzw. (1 − p).""}]",neu,hoch,Generiert.
508051df-7106-4ee9-aafd-eeb7e9e281cd,,task_solutions.typical_errors,,"[{""error"":""Nur die Zunahme angegeben: 36."",""socratic_question"":""Ist nach der Zunahme oder nach der neuen Mitgliederzahl gefragt?""},{""error"":""Verringert statt erhöht: 204."",""socratic_question"":""Wird die Zahl größer oder kleiner?""}]",neu,hoch,Aus acceptance.known_errors der Aufgabe abgeleitet.
508051df-7106-4ee9-aafd-eeb7e9e281cd,,competency_process,,,bewusst leer,,"Die 7 Belegaufgaben mit skill_key prozent_veraenderung sind reine Rechenaufgaben („Operieren“). Diese Aufgabe ist eine Sachaufgabe — ob „Modellieren“ dazugehört, ist eine Fachentscheidung."
0bb7e6c8-6b8a-470d-8b5c-f735f5db239e,,tasks.est_duration_sec,,75,neu,mittel,Zeitregel: AFB I + Sachkontext.
0bb7e6c8-6b8a-470d-8b5c-f735f5db239e,,tasks.curriculum_grade,,7,neu,hoch,Wie alle 10 Aufgaben mit skill_key runden_ueberschlag im Bestand: Stoffanker Klasse 7.
0bb7e6c8-6b8a-470d-8b5c-f735f5db239e,,tasks.cluster_id,,e7108c9a-d19e-4021-8499-55b4f3d5d70c,neu,hoch,Wie alle 10 Aufgaben mit skill_key runden_ueberschlag im Bestand: Themengebiet „Zahl & Rechnen“.
0bb7e6c8-6b8a-470d-8b5c-f735f5db239e,,tasks.competency_content,,arithmetik_algebra,neu,hoch,Wie alle 10 Aufgaben mit skill_key runden_ueberschlag im Bestand: Inhaltsfeld arithmetik_algebra.
0bb7e6c8-6b8a-470d-8b5c-f735f5db239e,,tasks.needs_image,,false,neu,hoch,Aufgabentext enthält alle Angaben und verweist auf keine Abbildung.
0bb7e6c8-6b8a-470d-8b5c-f735f5db239e,,task_solutions.solution,,"Auf ganze Euro: Die erste Nachkommastelle ist 3, also wird abgerundet: 47 €.",neu,hoch,Nachgerechnet.
0bb7e6c8-6b8a-470d-8b5c-f735f5db239e,,task_solutions.hints,,"[{""level"":1,""text"":""Auf welche Stelle soll gerundet werden?""},{""level"":2,""text"":""Schau auf die Ziffer rechts daneben: Bei 5 oder mehr wird aufgerundet, sonst abgerundet.""}]",neu,hoch,Generiert.
0bb7e6c8-6b8a-470d-8b5c-f735f5db239e,,task_solutions.typical_errors,,"[{""error"":""Immer aufgerundet: 48 €."",""socratic_question"":""Welche Ziffer entscheidet, ob auf- oder abgerundet wird?""},{""error"":""Auf die falsche Stelle gerundet: 47,4 €."",""socratic_question"":""Auf welche Stelle soll gerundet werden – auf Zehntel oder auf ganze Euro?""}]",neu,hoch,Aus acceptance.known_errors der Aufgabe abgeleitet.
0bb7e6c8-6b8a-470d-8b5c-f735f5db239e,,competency_process,,,bewusst leer,,"Die 10 Belegaufgaben mit skill_key runden_ueberschlag sind reine Rechenaufgaben („Operieren“). Diese Aufgabe ist eine Sachaufgabe — ob „Modellieren“ dazugehört, ist eine Fachentscheidung."
c6e71bcf-f040-44ac-9b85-c701854f7910,,tasks.est_duration_sec,,75,neu,mittel,Zeitregel: AFB I + Sachkontext.
c6e71bcf-f040-44ac-9b85-c701854f7910,,tasks.curriculum_grade,,7,neu,hoch,Wie alle 10 Aufgaben mit skill_key runden_ueberschlag im Bestand: Stoffanker Klasse 7.
c6e71bcf-f040-44ac-9b85-c701854f7910,,tasks.cluster_id,,e7108c9a-d19e-4021-8499-55b4f3d5d70c,neu,hoch,Wie alle 10 Aufgaben mit skill_key runden_ueberschlag im Bestand: Themengebiet „Zahl & Rechnen“.
c6e71bcf-f040-44ac-9b85-c701854f7910,,tasks.competency_content,,arithmetik_algebra,neu,hoch,Wie alle 10 Aufgaben mit skill_key runden_ueberschlag im Bestand: Inhaltsfeld arithmetik_algebra.
c6e71bcf-f040-44ac-9b85-c701854f7910,,tasks.needs_image,,false,neu,hoch,Aufgabentext enthält alle Angaben und verweist auf keine Abbildung.
c6e71bcf-f040-44ac-9b85-c701854f7910,,task_solutions.solution,,"Auf zwei Nachkommastellen: Die dritte Nachkommastelle ist 6, also aufrunden: 3,46 kg.",neu,hoch,Nachgerechnet.
c6e71bcf-f040-44ac-9b85-c701854f7910,,task_solutions.hints,,"[{""level"":1,""text"":""Auf welche Stelle soll gerundet werden?""},{""level"":2,""text"":""Schau auf die Ziffer rechts daneben: Bei 5 oder mehr wird aufgerundet, sonst abgerundet.""}]",neu,hoch,Generiert.
c6e71bcf-f040-44ac-9b85-c701854f7910,,task_solutions.typical_errors,,"[{""error"":""Auf die falsche Stelle gerundet: 3,5 kg."",""socratic_question"":""Wie viele Nachkommastellen soll das Ergebnis haben?""},{""error"":""Abgeschnitten statt gerundet: 3,45 kg."",""socratic_question"":""Welche Ziffer steht rechts neben der zweiten Nachkommastelle?""}]",neu,hoch,Aus acceptance.known_errors der Aufgabe abgeleitet.
c6e71bcf-f040-44ac-9b85-c701854f7910,,competency_process,,,bewusst leer,,"Die 10 Belegaufgaben mit skill_key runden_ueberschlag sind reine Rechenaufgaben („Operieren“). Diese Aufgabe ist eine Sachaufgabe — ob „Modellieren“ dazugehört, ist eine Fachentscheidung."
865abaf9-5450-49ba-aa27-679f6b6de611,,tasks.est_duration_sec,,75,neu,mittel,Zeitregel: AFB I + Sachkontext.
865abaf9-5450-49ba-aa27-679f6b6de611,,tasks.curriculum_grade,,7,neu,hoch,Wie alle 10 Aufgaben mit skill_key runden_ueberschlag im Bestand: Stoffanker Klasse 7.
865abaf9-5450-49ba-aa27-679f6b6de611,,tasks.cluster_id,,e7108c9a-d19e-4021-8499-55b4f3d5d70c,neu,hoch,Wie alle 10 Aufgaben mit skill_key runden_ueberschlag im Bestand: Themengebiet „Zahl & Rechnen“.
865abaf9-5450-49ba-aa27-679f6b6de611,,tasks.competency_content,,arithmetik_algebra,neu,hoch,Wie alle 10 Aufgaben mit skill_key runden_ueberschlag im Bestand: Inhaltsfeld arithmetik_algebra.
865abaf9-5450-49ba-aa27-679f6b6de611,,tasks.needs_image,,false,neu,hoch,Aufgabentext enthält alle Angaben und verweist auf keine Abbildung.
865abaf9-5450-49ba-aa27-679f6b6de611,,task_solutions.solution,,"Auf eine Nachkommastelle: Die zweite Nachkommastelle ist 7, also aufrunden: 12,5 s.",neu,hoch,Nachgerechnet.
865abaf9-5450-49ba-aa27-679f6b6de611,,task_solutions.hints,,"[{""level"":1,""text"":""Auf welche Stelle soll gerundet werden?""},{""level"":2,""text"":""Schau auf die Ziffer rechts daneben: Bei 5 oder mehr wird aufgerundet, sonst abgerundet.""}]",neu,hoch,Generiert.
865abaf9-5450-49ba-aa27-679f6b6de611,,task_solutions.typical_errors,,"[{""error"":""Auf die falsche Stelle gerundet: 12 s."",""socratic_question"":""Wie viele Nachkommastellen soll das Ergebnis haben?""},{""error"":""Abgeschnitten statt gerundet: 12,4 s."",""socratic_question"":""Welche Ziffer steht rechts neben der ersten Nachkommastelle?""}]",neu,hoch,Aus acceptance.known_errors der Aufgabe abgeleitet.
865abaf9-5450-49ba-aa27-679f6b6de611,,competency_process,,,bewusst leer,,"Die 10 Belegaufgaben mit skill_key runden_ueberschlag sind reine Rechenaufgaben („Operieren“). Diese Aufgabe ist eine Sachaufgabe — ob „Modellieren“ dazugehört, ist eine Fachentscheidung."
